ShapeName,Slug,Synonyms,Category,Description,CityOrRegionMostAssociated,EarliestAttestedMention,SourceLink,PrimaryGeometry,KeyDiscriminators,Type,IsHollow,IsRidged,IsTwisted,IsCurved,SizeClass,IsStuffed
Acinelli,acinelli,,Short cuts,"Short shaped pasta; designed to hold sauce via curves, ridges, or cavities.",Unknown,Unknown,https://en.wikipedia.org/wiki/List_of_pasta,short-cut,short; shaped; ridges/cavities,short,no,yes,no,yes,medium,no
Acini,acini,,Soup / pastina,Small pasta cut designed for soups and broths.,Unknown,Unknown,https://en.wikipedia.org/wiki/List_of_pasta,pastina,small; soup; quick-cooking,soup,no,unknown,no,no,small,no
Acini di pepe,acini-di-pepe,,Soup / pastina,Tiny bead-like pasta 'peppercorns'.,Italy (common),Unknown,https://en.wikipedia.org/wiki/List_of_pasta,pastina,tiny beads; soup,soup,no,unknown,no,no,small,no
Agnolotti,agnolotti,,Filled,"Small stuffed pasta pockets, typically rectangular.",Piedmont,Unknown,https://en.wikipedia.org/wiki/List_of_pasta,filled,stuffed; small; rectangular; sealed edges,stuffed,no,unknown,no,no,medium,yes
Agnolotti del plin,agnolotti-del-plin,Agnolotti del plin (Langhe); Agnolotti del plin Langhe; plin,Filled,Pinched small agnolotti ('plin' = pinch).,Piedmont (Langhe/Monferrato),Unknown,https://en.wikipedia.org/wiki/List_of_pasta,filled,stuffed; pinched seal; small; rectangular,stuffed,no,unknown,no,no,medium,yes
Agnolotti piemontesi,agnolotti-piemontesi,,Filled,Stuffed pasta parcel; regional variations in fold and filling.,Unknown,Unknown,https://en.wikipedia.org/wiki/List_of_pasta,filled,stuffed; sealed edges; fold varies,stuffed,no,unknown,no,no,medium,yes
Alfabeto,alfabeto,,Soup / pastina,Small pasta cut designed for soups and broths.,Unknown,Unknown,https://en.wikipedia.org/wiki/List_of_pasta,pastina,small; soup; quick-cooking,soup,no,unknown,no,no,small,no
Anelli siciliani,anelli-siciliani,anelli,Rings,Large pasta rings used in Sicilian baked dishes.,Sicily,Unknown,https://en.wikipedia.org/wiki/List_of_pasta,ring,ring; medium-large; baked dishes common,ring,no,unknown,no,yes,medium,no
Anellini,anellini,,Soup / pastina,Small rings used in soups and baked dishes.,Sicily,Unknown,https://en.wikipedia.org/wiki/List_of_pasta,pastina,small rings; soup/bake,soup,no,unknown,no,yes,small,no
Anellini lisci,anellini-lisci,,Rings,Ring-shaped pasta; size varies; used in soups and bakes.,Unknown,Unknown,https://en.wikipedia.org/wiki/List_of_pasta,ring,ring; circular; hole,ring,yes,no,no,yes,medium,no
Anellini rigati,anellini-rigati,,Rings,Ring-shaped pasta; size varies; used in soups and bakes.,Unknown,Unknown,https://en.wikipedia.org/wiki/List_of_pasta,ring,ring; circular; hole,ring,yes,yes,no,yes,medium,no
Anelloni,anelloni,,Rings,Ring-shaped pasta; size varies; used in soups and bakes.,Unknown,Unknown,https://en.wikipedia.org/wiki/List_of_pasta,ring,ring; circular; hole,ring,yes,unknown,no,yes,large,no
Anelloni rigati,anelloni-rigati,,Rings,Ring-shaped pasta; size varies; used in soups and bakes.,Unknown,Unknown,https://en.wikipedia.org/wiki/List_of_pasta,ring,ring; circular; hole,ring,yes,yes,no,yes,large,no
Anolini,anolini,,Filled,"Small filled rounds, often served in broth.",Emilia-Romagna (Parma/Piacenza),Unknown,https://en.wikipedia.org/wiki/List_of_pasta,filled,stuffed; round; small; broth serving,stuffed,no,unknown,no,no,small,yes
Anolini in brodo,anolini-in-brodo,,Filled,Stuffed pasta parcel; regional variations in fold and filling.,Unknown,Unknown,https://en.wikipedia.org/wiki/List_of_pasta,filled,stuffed; sealed edges; fold varies,stuffed,no,unknown,no,no,medium,yes
Bavette,bavette,,Long ribbons,Narrow flat ribbons (between linguine and fettuccine).,Liguria,Unknown,https://en.wikipedia.org/wiki/List_of_pasta,ribbon,flat; narrow; long; ribbon,ribbon,no,unknown,no,no,small,no
Bavettine,bavettine,,Long ribbons,Long flat ribbons; width and edge style vary by type.,Unknown,Unknown,https://en.wikipedia.org/wiki/List_of_pasta,ribbon,flat; long; ribbon,ribbon,no,unknown,no,no,small,no
Bigoli,bigoli,bigoi,Long strands,"Thick spaghetti-like strands, traditionally made with a bigolaro press.",Veneto (Vicenza),Unknown,https://en.wikipedia.org/wiki/List_of_pasta,strand,solid; thick; extruded/pressed; rustic,strand,no,unknown,no,no,medium,no
Bigoli al torchio,bigoli-al-torchio,,Long strands,Long strand pasta; thickness and cross-section vary by type.,Unknown,Unknown,https://en.wikipedia.org/wiki/List_of_pasta,strand,solid; long; round/varies,strand,no,unknown,no,no,medium,no
Bucatini,bucatini,perciatelli,Long strands,Thick spaghetti-like strands with a central hole.,Lazio,Unknown,https://en.wikipedia.org/wiki/List_of_pasta,strand,hollow center; round cross-section; long; thick,strand,yes,unknown,no,no,small,no
Bucatini integrali,bucatini-integrali,,Long strands,Long strand pasta; thickness and cross-section vary by type.,Unknown,Unknown,https://en.wikipedia.org/wiki/List_of_pasta,strand,hollow center; long; round,strand,yes,unknown,no,no,medium,no
Bucatini rigati,bucatini-rigati,,Long strands,Long strand pasta; thickness and cross-section vary by type.,Unknown,Unknown,https://en.wikipedia.org/wiki/List_of_pasta,strand,hollow center; long; round,strand,yes,yes,no,no,medium,no
Busiate,busiate,busiata trapanese; busiati,Short cuts,Long spiral tubes traditionally wrapped around a rod.,Sicily (Trapani),Unknown,https://en.wikipedia.org/wiki/List_of_pasta,short-cut,spiral tube; long-ish; rod-wrapped; hollow,short,yes,unknown,yes,no,medium,no
Busiate trapanesi,busiate-trapanesi,,Short cuts,"Short shaped pasta; designed to hold sauce via curves, ridges, or cavities.",Unknown,Unknown,https://en.wikipedia.org/wiki/List_of_pasta,short-cut,short; shaped; ridges/cavities,short,no,yes,no,yes,medium,no
Caccavelle,caccavelle,,Large tubes,Very large cupped tubes for stuffing.,Campania (Gragnano),Unknown,https://en.wikipedia.org/wiki/List_of_pasta,tube,very large cup-like tube; stuffing; baked,tube,yes,unknown,no,no,medium,no
Calamarata,calamarata,,Rings,Wide rings resembling calamari slices.,Campania,Unknown,https://en.wikipedia.org/wiki/List_of_pasta,ring,ring; wide; smooth; calamar-like,ring,no,no,no,yes,medium,no
Campanelle,campanelle,,Short cuts,Bell/flower shapes with ruffled edges.,Italy (modern),Unknown,https://en.wikipedia.org/wiki/List_of_pasta,short-cut,bell/trumpet; ruffled edge; hollow center,short,yes,unknown,no,yes,medium,no
Campanelle rigate,campanelle-rigate,,Rings,Ring-shaped pasta; size varies; used in soups and bakes.,Unknown,Unknown,https://en.wikipedia.org/wiki/List_of_pasta,ring,ring; circular; hole,ring,yes,yes,no,yes,medium,no
Candele,candele,,Short tubes,Short hollow tubes; ends may be straight or angled; ridges optional.,Unknown,Unknown,https://en.wikipedia.org/wiki/List_of_pasta,tube,tube; short; hollow,tube,yes,yes,no,no,medium,no
Candele spezzate,candele-spezzate,,Short tubes,Short hollow tubes; ends may be straight or angled; ridges optional.,Unknown,Unknown,https://en.wikipedia.org/wiki/List_of_pasta,tube,tube; short; hollow,tube,yes,yes,no,no,medium,no
Canederli (as pasta-like),canederli-as-pasta-like,,Dumpling-like,"Soft dumpling-style pasta (often potato, bread, or cheese based).",Unknown,Unknown,https://en.wikipedia.org/wiki/List_of_pasta,dumpling,dumpling; soft; formed pieces,dumpling,no,unknown,no,no,medium,no
Cannelloni,cannelloni,,Large tubes,Large smooth tubes meant for stuffing and baking.,Campania,Unknown,https://en.wikipedia.org/wiki/List_of_pasta,tube,large tube; smooth; designed for stuffing; baked,tube,yes,no,no,no,large,no
Canneroni,canneroni,,Short tubes,Short hollow tubes; ends may be straight or angled; ridges optional.,Unknown,Unknown,https://en.wikipedia.org/wiki/List_of_pasta,tube,tube; short; hollow,tube,yes,yes,no,no,large,no
Capelli di angelo,capelli-di-angelo,,Long strands,Long strand pasta; thickness and cross-section vary by type.,Unknown,Unknown,https://en.wikipedia.org/wiki/List_of_pasta,strand,solid; long; round/varies,strand,no,unknown,no,no,medium,no
Capellini,capellini,angel hair; angelhair; capelli d'angelo,Long strands,Very thin spaghetti-like strands (angel hair thickness).,Campania,Unknown,https://en.wikipedia.org/wiki/List_of_pasta,strand,solid; round cross-section; long; ultra-thin,strand,no,unknown,no,no,small,no
Capellini spezzati,capellini-spezzati,,Long strands,Long strand pasta; thickness and cross-section vary by type.,Unknown,Unknown,https://en.wikipedia.org/wiki/List_of_pasta,strand,solid; long; round/varies,strand,no,unknown,no,no,medium,no
Cappellacci,cappellacci,,Filled,"Larger 'hat' pasta, often filled with pumpkin.",Emilia-Romagna (Ferrara),Unknown,https://en.wikipedia.org/wiki/List_of_pasta,filled,stuffed; hat-like; large; pumpkin common,stuffed,no,unknown,no,no,medium,yes
Cappellacci di zucca,cappellacci-di-zucca,,Filled,Stuffed pasta parcel; regional variations in fold and filling.,Unknown,Unknown,https://en.wikipedia.org/wiki/List_of_pasta,filled,stuffed; sealed edges; fold varies,stuffed,no,unknown,no,no,medium,yes
Cappellacci ferraresi,cappellacci-ferraresi,,Filled,Stuffed pasta parcel; regional variations in fold and filling.,Unknown,Unknown,https://en.wikipedia.org/wiki/List_of_pasta,filled,stuffed; sealed edges; fold varies,stuffed,no,unknown,no,no,medium,yes
Cappelletti,cappelletti,cappelletti romagnoli,Filled,Small 'little hat' stuffed pasta often served in broth.,Emilia-Romagna / Marche,Unknown,https://en.wikipedia.org/wiki/List_of_pasta,filled,stuffed; hat-like fold; small; often in broth,stuffed,no,unknown,no,no,small,yes
Cappelletti in brodo,cappelletti-in-brodo,,Filled,Stuffed pasta parcel; regional variations in fold and filling.,Unknown,Unknown,https://en.wikipedia.org/wiki/List_of_pasta,filled,stuffed; sealed edges; fold varies,stuffed,no,unknown,no,no,medium,yes
Capunti,capunti,cappunti,Strascinati,"Elongated hollow scrolls, often ridged inside.",Puglia,Unknown,https://en.wikipedia.org/wiki/List_of_pasta,dragged,scroll shape; hollow; ridged interior; hand-pressed,short,yes,yes,no,no,medium,no
Caramelle,caramelle,,Filled,Candy-wrapped stuffed pasta (twisted ends).,Emilia-Romagna / Modern Italian,Unknown,https://en.wikipedia.org/wiki/List_of_pasta,filled,stuffed; wrapped ends; candy shape,stuffed,no,unknown,yes,no,medium,yes
Casarecce,casarecce,,Short cuts,Short rolled tubes with an S-shaped cross-section.,Sicily,Unknown,https://en.wikipedia.org/wiki/List_of_pasta,short-cut,rolled; open seam; S-shaped cross-section; short,short,yes,unknown,no,no,medium,no
Casarecci,casarecci,,Short cuts,"Short shaped pasta; designed to hold sauce via curves, ridges, or cavities.",Unknown,Unknown,https://en.wikipedia.org/wiki/List_of_pasta,short-cut,short; shaped; ridges/cavities,short,no,yes,no,yes,medium,no
Casarecci rigati,casarecci-rigati,,Short cuts,"Short shaped pasta; designed to hold sauce via curves, ridges, or cavities.",Unknown,Unknown,https://en.wikipedia.org/wiki/List_of_pasta,short-cut,short; shaped; ridges/cavities,short,no,yes,no,yes,medium,no
Cascatelli,cascatelli,,Short cuts,Modern engineered shape optimized for sauce/forkability (non-traditional).,Modern (USA),2021-2023 (modern creation/launch),https://www.foodandwine.com/the-sporkful-podcast-new-pasta-shape-7098456,short-cut,engineered; ruffled ridge; trough; modern invention,short,no,yes,no,no,medium,no
Caserecce (variant),caserecce-variant,,Short cuts,"Short shaped pasta; designed to hold sauce via curves, ridges, or cavities.",Unknown,Unknown,https://en.wikipedia.org/wiki/List_of_pasta,short-cut,short; shaped; ridges/cavities,short,no,yes,no,yes,medium,no
Casoncelli,casoncelli,casonsei,Filled,"Stuffed half-moon pasta, often with meat/cheese fillings.",Lombardy (Bergamo/Brescia),Unknown,https://en.wikipedia.org/wiki/List_of_pasta,filled,stuffed; half-moon; crimped edge,stuffed,no,unknown,no,no,medium,yes
Casoncelli alla bergamasca,casoncelli-alla-bergamasca,,Filled,Stuffed pasta parcel; regional variations in fold and filling.,Unknown,Unknown,https://en.wikipedia.org/wiki/List_of_pasta,filled,stuffed; sealed edges; fold varies,stuffed,no,unknown,no,no,medium,yes
Cavatappi,cavatappi,cellentani; corkscrew pasta; corkscrews,Short cuts,Corkscrew pasta (name often used internationally).,Italy (modern),Unknown,https://en.wikipedia.org/wiki/List_of_pasta,short-cut,corkscrew; hollow tube; short,short,yes,unknown,yes,no,medium,no
Cavatappi rigati,cavatappi-rigati,,Short cuts,"Short shaped pasta; designed to hold sauce via curves, ridges, or cavities.",Unknown,Unknown,https://en.wikipedia.org/wiki/List_of_pasta,short-cut,short; shaped; ridges/cavities,short,no,yes,yes,yes,medium,no
Cavatelli,cavatelli,cavati; cavateddi,Strascinati,"Small hollowed shells/boats, made by pressing and dragging dough.",Molise / Puglia / Basilicata,Unknown,https://en.wikipedia.org/wiki/List_of_pasta,dragged,small; hollow groove; hand-pressed; dragged,short,yes,yes,no,yes,medium,no
Cavatieddi,cavatieddi,,Short cuts,"Short shaped pasta; designed to hold sauce via curves, ridges, or cavities.",Unknown,Unknown,https://en.wikipedia.org/wiki/List_of_pasta,short-cut,short; shaped; ridges/cavities,short,no,yes,no,yes,medium,no
Cellentani,cellentani,,Short cuts,Ridged corkscrew spirals (often similar to cavatappi).,Italy (modern),Unknown,https://en.wikipedia.org/wiki/List_of_pasta,short-cut,corkscrew; hollow tube; ridged,short,yes,yes,yes,no,medium,no
Cencioni,cencioni,,Short cuts,"Short shaped pasta; designed to hold sauce via curves, ridges, or cavities.",Unknown,Unknown,https://en.wikipedia.org/wiki/List_of_pasta,short-cut,short; shaped; ridges/cavities,short,no,yes,no,yes,large,no
Cencioni ripieni,cencioni-ripieni,,Short cuts,"Short shaped pasta; designed to hold sauce via curves, ridges, or cavities.",Unknown,Unknown,https://en.wikipedia.org/wiki/List_of_pasta,short-cut,short; shaped; ridges/cavities,short,no,yes,no,yes,large,no
Chiocciole,chiocciole,,Short cuts,"Short shaped pasta; designed to hold sauce via curves, ridges, or cavities.",Unknown,Unknown,https://en.wikipedia.org/wiki/List_of_pasta,short-cut,short; shaped; ridges/cavities,short,no,yes,no,yes,medium,no
Chiocciole rigate,chiocciole-rigate,,Short cuts,"Short shaped pasta; designed to hold sauce via curves, ridges, or cavities.",Unknown,Unknown,https://en.wikipedia.org/wiki/List_of_pasta,short-cut,short; shaped; ridges/cavities,short,no,yes,no,yes,medium,no
Chitarrine,chitarrine,,Long strands,Long strand pasta; thickness and cross-section vary by type.,Unknown,Unknown,https://en.wikipedia.org/wiki/List_of_pasta,strand,square cross-section; long,strand,no,unknown,no,no,small,no
Cicatielli,cicatielli,,Short cuts,"Short shaped pasta; designed to hold sauce via curves, ridges, or cavities.",Unknown,Unknown,https://en.wikipedia.org/wiki/List_of_pasta,short-cut,short; shaped; ridges/cavities,short,no,yes,no,yes,medium,no
Cicatielli lucani,cicatielli-lucani,,Short cuts,"Short shaped pasta; designed to hold sauce via curves, ridges, or cavities.",Unknown,Unknown,https://en.wikipedia.org/wiki/List_of_pasta,short-cut,short; shaped; ridges/cavities,short,no,yes,no,yes,medium,no
Cjarsons,cjarsons,cjarsòns,Filled,Friulian stuffed pasta with sweet-savory fillings.,Friuli-Venezia Giulia,Unknown,https://en.wikipedia.org/wiki/List_of_pasta,filled,stuffed; half-moon; sweet-savory filling tradition,stuffed,no,unknown,no,no,medium,yes
Cjarsons di Carnia,cjarsons-di-carnia,,Filled,Stuffed pasta parcel; regional variations in fold and filling.,Unknown,Unknown,https://en.wikipedia.org/wiki/List_of_pasta,filled,stuffed; sealed edges; fold varies,stuffed,no,unknown,no,no,medium,yes
Conchiglie,conchiglie,shell pasta; shells,Short cuts,Shell shapes; smooth or ridged.,Campania / Italy (common),Unknown,https://en.wikipedia.org/wiki/List_of_pasta,short-cut,shell; concave; ridged optional; short,short,no,yes,no,yes,medium,no
Conchiglie rigate,conchiglie-rigate,,Short cuts,"Short shaped pasta; designed to hold sauce via curves, ridges, or cavities.",Unknown,Unknown,https://en.wikipedia.org/wiki/List_of_pasta,short-cut,short; shaped; ridges/cavities,short,no,yes,no,yes,medium,no
Conchigliette,conchigliette,,Short cuts,"Short shaped pasta; designed to hold sauce via curves, ridges, or cavities.",Unknown,Unknown,https://en.wikipedia.org/wiki/List_of_pasta,short-cut,short; shaped; ridges/cavities,short,no,yes,no,yes,small,no
Conchigliette rigate,conchigliette-rigate,,Short cuts,"Short shaped pasta; designed to hold sauce via curves, ridges, or cavities.",Unknown,Unknown,https://en.wikipedia.org/wiki/List_of_pasta,short-cut,short; shaped; ridges/cavities,short,no,yes,no,yes,medium,no
Conchiglioni,conchiglioni,jumbo shells,Short cuts,Large shells for stuffing.,Campania,Unknown,https://en.wikipedia.org/wiki/List_of_pasta,short-cut,shell; large; stuffing-friendly; concave,short,no,unknown,no,yes,large,no
Conchiglioni rigati,conchiglioni-rigati,,Short cuts,"Short shaped pasta; designed to hold sauce via curves, ridges, or cavities.",Unknown,Unknown,https://en.wikipedia.org/wiki/List_of_pasta,short-cut,short; shaped; ridges/cavities,short,no,yes,no,yes,large,no
Corallini,corallini,,Soup / pastina,Small pasta cut designed for soups and broths.,Unknown,Unknown,https://en.wikipedia.org/wiki/List_of_pasta,pastina,small; soup; quick-cooking,soup,no,unknown,no,no,small,no
Corallini rigati,corallini-rigati,,Soup / pastina,Small pasta cut designed for soups and broths.,Unknown,Unknown,https://en.wikipedia.org/wiki/List_of_pasta,pastina,small; soup; quick-cooking,soup,no,yes,no,no,small,no
Corzetti,corzetti,croxetti,Short cuts,Stamped round/oval discs with decorative patterns.,Liguria (Genoa),Unknown,https://en.wikipedia.org/wiki/List_of_pasta,short-cut,stamped discs; decorative imprint; round/oval,short,no,unknown,no,no,small,no
Creste,creste,,Short cuts,"Short shaped pasta; designed to hold sauce via curves, ridges, or cavities.",Unknown,Unknown,https://en.wikipedia.org/wiki/List_of_pasta,short-cut,short; shaped; ridges/cavities,short,no,yes,no,yes,medium,no
Creste di gallo,creste-di-gallo,,Short cuts,Rooster-comb shaped pasta.,Campania / Italy (common),Unknown,https://en.wikipedia.org/wiki/List_of_pasta,short-cut,comb/crest; ruffled ridge; curved,short,no,yes,no,yes,medium,no
Creste rigate,creste-rigate,,Short cuts,"Short shaped pasta; designed to hold sauce via curves, ridges, or cavities.",Unknown,Unknown,https://en.wikipedia.org/wiki/List_of_pasta,short-cut,short; shaped; ridges/cavities,short,no,yes,no,yes,medium,no
Culurgiones,culurgiones,,Filled,Sardinian sealed stuffed pasta (often potato/cheese/mint).,Sardinia (Ogliastra),Unknown,https://en.wikipedia.org/wiki/List_of_pasta,filled,stuffed; sealed braid-like closure; potato-based filling,stuffed,no,unknown,no,no,medium,yes
Culurgiones d'Ogliastra,culurgiones-dogliastra,,Filled,Stuffed pasta parcel; regional variations in fold and filling.,Unknown,Unknown,https://en.wikipedia.org/wiki/List_of_pasta,filled,stuffed; sealed edges; fold varies,stuffed,no,unknown,no,no,medium,yes
Cuoricini,cuoricini,,Soup / pastina,Small pasta cut designed for soups and broths.,Unknown,Unknown,https://en.wikipedia.org/wiki/List_of_pasta,pastina,small; soup; quick-cooking,soup,no,unknown,no,no,small,no
Ditali,ditali,,Short tubes,Short hollow tubes; ends may be straight or angled; ridges optional.,Unknown,Unknown,https://en.wikipedia.org/wiki/List_of_pasta,tube,tube; short; hollow,tube,yes,yes,no,no,medium,no
Ditalini,ditalini,ditali; thimbles,Short tubes,"Very short tubes ('little thimbles'), often for soups.",Sicily / Italy (common),Unknown,https://en.wikipedia.org/wiki/List_of_pasta,tube,tube; very short; soup-friendly,tube,yes,unknown,no,no,small,no
Ditalini rigati,ditalini-rigati,,Short tubes,Short hollow tubes; ends may be straight or angled; ridges optional.,Unknown,Unknown,https://en.wikipedia.org/wiki/List_of_pasta,tube,tube; straight cut; ridged,tube,yes,yes,no,no,medium,no
Ditaloni,ditaloni,,Short tubes,Short hollow tubes; ends may be straight or angled; ridges optional.,Unknown,Unknown,https://en.wikipedia.org/wiki/List_of_pasta,tube,tube; short; hollow,tube,yes,yes,no,no,large,no
Eliche,eliche,,Short cuts,"Short shaped pasta; designed to hold sauce via curves, ridges, or cavities.",Unknown,Unknown,https://en.wikipedia.org/wiki/List_of_pasta,short-cut,short; shaped; ridges/cavities,short,no,yes,yes,yes,medium,no
Eliche tricolore,eliche-tricolore,,Short cuts,"Short shaped pasta; designed to hold sauce via curves, ridges, or cavities.",Unknown,Unknown,https://en.wikipedia.org/wiki/List_of_pasta,short-cut,short; shaped; ridges/cavities,short,no,yes,yes,yes,medium,no
Elicoidali,elicoidali,,Short tubes,Medium short spiral-grooved tubes.,Italy (common),Unknown,https://en.wikipedia.org/wiki/List_of_pasta,tube,tube; short; spiral grooves; ridged look,tube,yes,yes,yes,no,medium,no
Elicoidali rigati,elicoidali-rigati,,Short cuts,"Short shaped pasta; designed to hold sauce via curves, ridges, or cavities.",Unknown,Unknown,https://en.wikipedia.org/wiki/List_of_pasta,short-cut,short; shaped; ridges/cavities,short,no,yes,no,yes,medium,no
Fagottini,fagottini,,Filled,Small pouch-shaped stuffed pasta.,Northern Italy / Modern Italian,Unknown,https://en.wikipedia.org/wiki/List_of_pasta,filled,stuffed; pouch; gathered top,stuffed,no,unknown,no,no,small,yes
Farfalle,farfalle,bow tie pasta; bow-ties; bowties; farfalline (small),Short cuts,Bow-tie/butterfly shapes.,Lombardy / Northern Italy,Unknown,https://en.wikipedia.org/wiki/List_of_pasta,short-cut,pinched center; bow-tie; two wings,short,no,unknown,no,no,medium,no
Farfalle rigate,farfalle-rigate,,Short cuts,"Short shaped pasta; designed to hold sauce via curves, ridges, or cavities.",Unknown,Unknown,https://en.wikipedia.org/wiki/List_of_pasta,short-cut,short; shaped; ridges/cavities,short,no,yes,no,yes,medium,no
Farfallette,farfallette,,Short cuts,"Short shaped pasta; designed to hold sauce via curves, ridges, or cavities.",Unknown,Unknown,https://en.wikipedia.org/wiki/List_of_pasta,short-cut,short; shaped; ridges/cavities,short,no,yes,no,yes,small,no
Farfallini,farfallini,,Short cuts,"Short shaped pasta; designed to hold sauce via curves, ridges, or cavities.",Unknown,Unknown,https://en.wikipedia.org/wiki/List_of_pasta,short-cut,short; shaped; ridges/cavities,short,no,yes,no,yes,small,no
Fazzoletti,fazzoletti,fazzoletti di seta,Sheets,Handkerchief-sized pasta sheets.,Emilia-Romagna / Tuscany,Unknown,https://en.wikipedia.org/wiki/List_of_pasta,sheet,sheet; square; handkerchief-sized; delicate,sheet,no,unknown,no,no,small,no
Fazzoletti liguri,fazzoletti-liguri,,Sheets,Flat pasta sheets or sheet-like pieces for layering or saucing.,Unknown,Unknown,https://en.wikipedia.org/wiki/List_of_pasta,sheet,flat; sheet; wide surface,sheet,no,unknown,no,yes,medium,no
Fedelini,fedelini,,Long strands,"Very thin long strands, between capellini and spaghetti.",Liguria / Campania,Unknown,https://en.wikipedia.org/wiki/List_of_pasta,strand,solid; round cross-section; long; very thin,strand,no,unknown,no,no,small,no
Ferretti,ferretti,maccheroni al ferretto; maccarruni,Strascinati,Rod-rolled short tubes/spirals made around a metal rod.,Southern Italy (Basilicata/Calabria),Unknown,https://en.wikipedia.org/wiki/List_of_pasta,dragged,rod-rolled; hollow; short; spiral or straight,short,yes,unknown,yes,no,small,no
Fettuccine,fettuccine,,Long ribbons,"Flat egg ribbons, slightly wider than tagliatelle.",Lazio (Rome),Unknown,https://en.wikipedia.org/wiki/List_of_pasta,ribbon,flat; medium-wide; long; egg pasta,ribbon,no,unknown,no,no,small,no
Fettuccine all'uovo,fettuccine-alluovo,,Long ribbons,Long flat ribbons; width and edge style vary by type.,Unknown,Unknown,https://en.wikipedia.org/wiki/List_of_pasta,ribbon,flat; long; ribbon,ribbon,no,unknown,no,no,medium,no
Fideos (Italian-style),fideos-italian-style,,Short cuts,"Short shaped pasta; designed to hold sauce via curves, ridges, or cavities.",Unknown,Unknown,https://en.wikipedia.org/wiki/List_of_pasta,short-cut,short; shaped; ridges/cavities,short,no,yes,no,yes,medium,no
Fileja,fileja,,Strascinati,Calabrian spiral pasta wrapped around a rod (ferretto).,Calabria,Unknown,https://en.wikipedia.org/wiki/List_of_pasta,dragged,rod-wrapped; spiral tube; short; hollow,short,yes,unknown,yes,no,medium,no
Fileja calabrese,fileja-calabrese,,Short cuts,"Short shaped pasta; designed to hold sauce via curves, ridges, or cavities.",Unknown,Unknown,https://en.wikipedia.org/wiki/List_of_pasta,short-cut,short; shaped; ridges/cavities,short,no,yes,no,yes,medium,no
Filindeu,filindeu,,Soup / pastina,Small pasta cut designed for soups and broths.,Unknown,Unknown,https://en.wikipedia.org/wiki/List_of_pasta,pastina,small; soup; quick-cooking,soup,no,unknown,no,no,small,no
Filini,filini,,Soup / pastina,Small pasta cut designed for soups and broths.,Unknown,Unknown,https://en.wikipedia.org/wiki/List_of_pasta,pastina,small; soup; quick-cooking,soup,no,unknown,no,no,small,no
Filini all'uovo,filini-alluovo,,Soup / pastina,Small pasta cut designed for soups and broths.,Unknown,Unknown,https://en.wikipedia.org/wiki/List_of_pasta,pastina,small; soup; quick-cooking,soup,no,unknown,no,no,small,no
Fiocchetti,fiocchetti,,Short cuts,"Short shaped pasta; designed to hold sauce via curves, ridges, or cavities.",Unknown,Unknown,https://en.wikipedia.org/wiki/List_of_pasta,short-cut,short; shaped; ridges/cavities,short,no,yes,no,yes,small,no
Fiocchi,fiocchi,,Short cuts,"Short shaped pasta; designed to hold sauce via curves, ridges, or cavities.",Unknown,Unknown,https://en.wikipedia.org/wiki/List_of_pasta,short-cut,short; shaped; ridges/cavities,short,no,yes,no,yes,medium,no
Fiori,fiori,,Short cuts,Flower-shaped pasta.,Italy (modern),Unknown,https://en.wikipedia.org/wiki/List_of_pasta,short-cut,flower; ruffled petals; sauce-catching,short,no,unknown,no,no,medium,no
Fiori rigati,fiori-rigati,,Short cuts,"Short shaped pasta; designed to hold sauce via curves, ridges, or cavities.",Unknown,Unknown,https://en.wikipedia.org/wiki/List_of_pasta,short-cut,short; shaped; ridges/cavities,short,no,yes,no,yes,medium,no
Foglie d'ulivo,foglie-dulivo,olive leaf pasta,Short cuts,"Leaf-shaped pasta, often green/white two-tone.",Puglia,Unknown,https://en.wikipedia.org/wiki/List_of_pasta,short-cut,leaf shape; often two-tone; short,short,no,unknown,no,no,medium,no
Fregola,fregola,fregula; fregola sarda,Soup / pastina,Toasted semolina pearls/couscous-like pasta.,Sardinia,Unknown,https://en.wikipedia.org/wiki/List_of_pasta,pastina,toasted pearls; couscous-like; irregular spheres,soup,no,unknown,no,no,small,no
Fregula,fregula,,Soup / pastina,Small pasta cut designed for soups and broths.,Unknown,Unknown,https://en.wikipedia.org/wiki/List_of_pasta,pastina,small; soup; quick-cooking,soup,no,unknown,no,no,small,no
Fregula tostata,fregula-tostata,,Soup / pastina,Small pasta cut designed for soups and broths.,Unknown,Unknown,https://en.wikipedia.org/wiki/List_of_pasta,pastina,small; soup; quick-cooking,soup,no,unknown,no,no,small,no
Fusilli,fusilli,fusilli napoletani; fusilli calabresi,Short cuts,Spiral/corkscrew pasta (varies by region).,Southern Italy,Unknown,https://en.wikipedia.org/wiki/List_of_pasta,short-cut,twist/spiral; short; solid; corkscrew,short,no,unknown,yes,no,medium,no
Fusilli bucati,fusilli-bucati,,Short cuts,"Short shaped pasta; designed to hold sauce via curves, ridges, or cavities.",Unknown,Unknown,https://en.wikipedia.org/wiki/List_of_pasta,short-cut,short; shaped; ridges/cavities,short,yes,yes,yes,yes,medium,no
Fusilli bucati corti,fusilli-bucati-corti,,Short cuts,"Short shaped pasta; designed to hold sauce via curves, ridges, or cavities.",Unknown,Unknown,https://en.wikipedia.org/wiki/List_of_pasta,short-cut,short; shaped; ridges/cavities,short,yes,yes,yes,yes,medium,no
Fusilli giganti,fusilli-giganti,,Short cuts,"Short shaped pasta; designed to hold sauce via curves, ridges, or cavities.",Unknown,Unknown,https://en.wikipedia.org/wiki/List_of_pasta,short-cut,short; shaped; ridges/cavities,short,no,yes,yes,yes,large,no
Fusilli lunghi,fusilli-lunghi,,Short cuts,"Short shaped pasta; designed to hold sauce via curves, ridges, or cavities.",Unknown,Unknown,https://en.wikipedia.org/wiki/List_of_pasta,short-cut,short; shaped; ridges/cavities,short,no,yes,yes,yes,medium,no
Fusillini,fusillini,,Short cuts,"Short shaped pasta; designed to hold sauce via curves, ridges, or cavities.",Unknown,Unknown,https://en.wikipedia.org/wiki/List_of_pasta,short-cut,short; shaped; ridges/cavities,short,no,yes,yes,yes,small,no
Galletti,galletti,,Short cuts,"Short shaped pasta; designed to hold sauce via curves, ridges, or cavities.",Unknown,Unknown,https://en.wikipedia.org/wiki/List_of_pasta,short-cut,short; shaped; ridges/cavities,short,no,yes,no,yes,small,no
Gallettini,gallettini,,Short cuts,"Short shaped pasta; designed to hold sauce via curves, ridges, or cavities.",Unknown,Unknown,https://en.wikipedia.org/wiki/List_of_pasta,short-cut,short; shaped; ridges/cavities,short,no,yes,no,yes,small,no
Garganelli,garganelli,,Short tubes,Ridged quill-like tubes formed from squares rolled on a stick.,Emilia-Romagna,Unknown,https://en.wikipedia.org/wiki/List_of_pasta,tube,tube; ridged; seam visible; quill shape,tube,yes,yes,no,yes,medium,no
Garganelli rigati,garganelli-rigati,,Rings,Ring-shaped pasta; size varies; used in soups and bakes.,Unknown,Unknown,https://en.wikipedia.org/wiki/List_of_pasta,ring,ring; circular; hole,ring,yes,yes,no,yes,medium,no
Gemelli,gemelli,,Short cuts,Twisted 'twin' pasta made from a single strand folded and twisted.,Italy (common),Unknown,https://en.wikipedia.org/wiki/List_of_pasta,short-cut,twisted pair look; actually single strand; short,short,no,unknown,yes,no,medium,no
Gigli,gigli,,Short cuts,"Short shaped pasta; designed to hold sauce via curves, ridges, or cavities.",Unknown,Unknown,https://en.wikipedia.org/wiki/List_of_pasta,short-cut,short; shaped; ridges/cavities,short,no,yes,no,yes,medium,no
Gigli rigati,gigli-rigati,,Short cuts,"Short shaped pasta; designed to hold sauce via curves, ridges, or cavities.",Unknown,Unknown,https://en.wikipedia.org/wiki/List_of_pasta,short-cut,short; shaped; ridges/cavities,short,no,yes,no,yes,medium,no
Gnocchetti,gnocchetti,,Dumpling-like,"Soft dumpling-style pasta (often potato, bread, or cheese based).",Unknown,Unknown,https://en.wikipedia.org/wiki/List_of_pasta,dumpling,dumpling; soft; formed pieces,dumpling,no,unknown,no,no,small,no
Gnocchetti di castagne,gnocchetti-di-castagne,,Dumpling-like,"Soft dumpling-style pasta (often potato, bread, or cheese based).",Unknown,Unknown,https://en.wikipedia.org/wiki/List_of_pasta,dumpling,dumpling; soft; formed pieces,dumpling,no,unknown,no,no,medium,no
Gnocchetti sardi,gnocchetti-sardi,,Dumpling-like,"Soft dumpling-style pasta (often potato, bread, or cheese based).",Unknown,Unknown,https://en.wikipedia.org/wiki/List_of_pasta,dumpling,dumpling; soft; formed pieces,dumpling,no,unknown,no,no,medium,no
Gnocchi,gnocchi,,Dumpling-like,Soft dumplings (often potato-based) served like pasta.,Northern Italy (widespread),Unknown,https://en.wikipedia.org/wiki/List_of_pasta,dumpling,dumpling; soft; often potato; ridges optional,dumpling,no,yes,no,no,medium,no
Gnocchi alla romana,gnocchi-alla-romana,,Dumpling-like,"Soft dumpling-style pasta (often potato, bread, or cheese based).",Unknown,Unknown,https://en.wikipedia.org/wiki/List_of_pasta,dumpling,dumpling; soft; formed pieces,dumpling,no,unknown,no,no,medium,no
Gnocchi di semolino,gnocchi-di-semolino,,Dumpling-like,"Soft dumpling-style pasta (often potato, bread, or cheese based).",Unknown,Unknown,https://en.wikipedia.org/wiki/List_of_pasta,dumpling,dumpling; soft; formed pieces,dumpling,no,unknown,no,no,medium,no
Gomiti,gomiti,elbows; macaroni,Short tubes,Elbow macaroni.,Italy (common),Unknown,https://en.wikipedia.org/wiki/List_of_pasta,tube,tube; elbow bend; short; smooth or ridged,tube,yes,yes,no,yes,medium,no
Gramigna,gramigna,,Short tubes,"Short curved hollow tubes, often served with sausage ragù.",Emilia-Romagna,Unknown,https://en.wikipedia.org/wiki/List_of_pasta,tube,tube; short; curved; hollow,tube,yes,unknown,no,yes,medium,no
Grattini,grattini,,Soup / pastina,Small pasta cut designed for soups and broths.,Unknown,Unknown,https://en.wikipedia.org/wiki/List_of_pasta,pastina,small; soup; quick-cooking,soup,no,unknown,no,no,small,no
Grattini all'uovo,grattini-alluovo,,Soup / pastina,Small pasta cut designed for soups and broths.,Unknown,Unknown,https://en.wikipedia.org/wiki/List_of_pasta,pastina,small; soup; quick-cooking,soup,no,unknown,no,no,small,no
Laganari,laganari,lagane,Sheets,Rustic wide sheets/strips (often for baked dishes).,Southern Italy,Unknown,https://en.wikipedia.org/wiki/List_of_pasta,sheet,sheet/strip; rustic; wide; hand-cut,sheet,no,unknown,no,no,medium,no
Lagane,lagane,,Sheets,Flat pasta sheets or sheet-like pieces for layering or saucing.,Unknown,Unknown,https://en.wikipedia.org/wiki/List_of_pasta,sheet,flat; sheet; wide surface,sheet,no,unknown,no,yes,medium,no
Laganella,laganella,,Sheets,Flat pasta sheets or sheet-like pieces for layering or saucing.,Unknown,Unknown,https://en.wikipedia.org/wiki/List_of_pasta,sheet,flat; sheet; wide surface,sheet,no,unknown,no,yes,medium,no
Laghetti,laghetti,,Short cuts,"Short shaped pasta; designed to hold sauce via curves, ridges, or cavities.",Unknown,Unknown,https://en.wikipedia.org/wiki/List_of_pasta,short-cut,short; shaped; ridges/cavities,short,no,yes,no,yes,small,no
Lasagna napoletana (sheets),lasagna-napoletana-sheets,,Sheets,Flat pasta sheets or sheet-like pieces for layering or saucing.,Unknown,Unknown,https://en.wikipedia.org/wiki/List_of_pasta,sheet,flat; sheet; wide surface,sheet,no,unknown,no,yes,medium,no
Lasagna riccia,lasagna-riccia,,Sheets,Flat pasta sheets or sheet-like pieces for layering or saucing.,Unknown,Unknown,https://en.wikipedia.org/wiki/List_of_pasta,sheet,flat; sheet; wide surface,sheet,no,unknown,no,yes,medium,no
Lasagne,lasagne,lasagna (sing. in some usage),Sheets,Flat pasta sheets for layered bakes.,Emilia-Romagna (Bologna),1282 written reference (Memoriali Bolognesi ballad); early 14th c recipe in Liber de Coquina,https://en.wikipedia.org/wiki/Lasagna,sheet,flat sheet; wide; layered bake use,sheet,no,unknown,no,no,medium,no
Lasagnette,lasagnette,,Sheets,Narrower lasagne sheets or strips.,Emilia-Romagna,Unknown,https://en.wikipedia.org/wiki/List_of_pasta,sheet,flat sheet; narrower strips,sheet,no,unknown,no,no,small,no
Lasagnette ricce,lasagnette-ricce,,Sheets,Flat pasta sheets or sheet-like pieces for layering or saucing.,Unknown,Unknown,https://en.wikipedia.org/wiki/List_of_pasta,sheet,flat; sheet; wide surface,sheet,no,unknown,no,yes,medium,no
Lasagnoni,lasagnoni,,Sheets,Flat pasta sheets or sheet-like pieces for layering or saucing.,Unknown,Unknown,https://en.wikipedia.org/wiki/List_of_pasta,sheet,flat; sheet; wide surface,sheet,no,unknown,no,yes,large,no
Linguettine,linguettine,,Short cuts,"Short shaped pasta; designed to hold sauce via curves, ridges, or cavities.",Unknown,Unknown,https://en.wikipedia.org/wiki/List_of_pasta,short-cut,short; shaped; ridges/cavities,short,no,yes,no,yes,small,no
Linguine,linguine,,Long ribbons,Long narrow flat ribbons (elliptical cross-section).,Liguria,Unknown,https://en.wikipedia.org/wiki/List_of_pasta,ribbon,flat; narrow; long; slight oval cross-section,ribbon,no,unknown,no,no,small,no
Lorighittas,lorighittas,Lorighittas (rings); Lorighittas rings,Strascinati,Braided ring pasta made by twisting strands into loops.,Sardinia (Morgongiori),Unknown,https://en.wikipedia.org/wiki/List_of_pasta,dragged,braided strands; ring; hand-twisted,short,no,unknown,yes,yes,medium,no
Lorighittas di Morgongiori,lorighittas-di-morgongiori,,Short cuts,"Short shaped pasta; designed to hold sauce via curves, ridges, or cavities.",Unknown,Unknown,https://en.wikipedia.org/wiki/List_of_pasta,short-cut,short; shaped; ridges/cavities,short,no,yes,no,yes,medium,no
Lumache,lumache,lumaconi (large),Short cuts,Snail-shell spirals with a large cavity.,Campania / Italy (common),Unknown,https://en.wikipedia.org/wiki/List_of_pasta,short-cut,snail-like curl; large cavity; thick,short,no,unknown,yes,yes,medium,no
Lumachine,lumachine,,Short cuts,"Short shaped pasta; designed to hold sauce via curves, ridges, or cavities.",Unknown,Unknown,https://en.wikipedia.org/wiki/List_of_pasta,short-cut,short; shaped; ridges/cavities,short,no,yes,no,yes,small,no
Lumaconi,lumaconi,,Short cuts,Large lumache.,Italy (common),Unknown,https://en.wikipedia.org/wiki/List_of_pasta,short-cut,snail-like; large; stuffing-friendly,short,no,unknown,no,yes,large,no
Maccaronara,maccaronara,,Short cuts,"Short shaped pasta; designed to hold sauce via curves, ridges, or cavities.",Unknown,Unknown,https://en.wikipedia.org/wiki/List_of_pasta,short-cut,short; shaped; ridges/cavities,short,no,yes,no,yes,medium,no
Maccarones de busa,maccarones-de-busa,,Short cuts,"Short shaped pasta; designed to hold sauce via curves, ridges, or cavities.",Unknown,Unknown,https://en.wikipedia.org/wiki/List_of_pasta,short-cut,short; shaped; ridges/cavities,short,no,yes,no,yes,medium,no
Maccaruni i casa,maccaruni-i-casa,,Short cuts,"Short shaped pasta; designed to hold sauce via curves, ridges, or cavities.",Unknown,Unknown,https://en.wikipedia.org/wiki/List_of_pasta,short-cut,short; shaped; ridges/cavities,short,no,yes,no,yes,medium,no
Maccheroncini,maccheroncini,,Short tubes,Short hollow tubes; ends may be straight or angled; ridges optional.,Unknown,Unknown,https://en.wikipedia.org/wiki/List_of_pasta,tube,tube; short; hollow,tube,yes,yes,no,no,small,no
Maccheroni,maccheroni,Macaroni,Short tubes,Short hollow tubes; ends may be straight or angled; ridges optional.,Unknown,Unknown,https://en.wikipedia.org/wiki/List_of_pasta,tube,tube; short; hollow,tube,yes,yes,no,no,large,no
Maccheroni al pettine,maccheroni-al-pettine,,Short tubes,Short hollow tubes; ends may be straight or angled; ridges optional.,Unknown,Unknown,https://en.wikipedia.org/wiki/List_of_pasta,tube,tube; short; hollow,tube,yes,yes,no,no,small,no
Maccheroni alla molinara,maccheroni-alla-molinara,,Short tubes,Short hollow tubes; ends may be straight or angled; ridges optional.,Unknown,Unknown,https://en.wikipedia.org/wiki/List_of_pasta,tube,tube; short; hollow,tube,yes,yes,no,no,large,no
Maccheroni calabresi,maccheroni-calabresi,,Short tubes,Short hollow tubes; ends may be straight or angled; ridges optional.,Unknown,Unknown,https://en.wikipedia.org/wiki/List_of_pasta,tube,tube; short; hollow,tube,yes,yes,no,no,large,no
Maccheroni rigati,maccheroni-rigati,,Short tubes,Short hollow tubes; ends may be straight or angled; ridges optional.,Unknown,Unknown,https://en.wikipedia.org/wiki/List_of_pasta,tube,tube; straight cut; ridged,tube,yes,yes,no,no,large,no
Mafaldine,mafaldine,reginette; mafalde,Long ribbons,Long flat ribbons with ruffled edges on both sides.,Campania,Unknown,https://en.wikipedia.org/wiki/List_of_pasta,ribbon,flat; long; ruffled edges; ribbon,ribbon,no,unknown,no,no,small,no
Mafaldine corte,mafaldine-corte,,Long ribbons,Long flat ribbons; width and edge style vary by type.,Unknown,Unknown,https://en.wikipedia.org/wiki/List_of_pasta,ribbon,flat; long; ruffled edge,ribbon,no,unknown,no,no,medium,no
Malfatti,malfatti,,Dumpling-like,"Soft dumpling-style pasta (often potato, bread, or cheese based).",Unknown,Unknown,https://en.wikipedia.org/wiki/List_of_pasta,dumpling,dumpling; soft; formed pieces,dumpling,no,unknown,no,no,medium,no
Malloreddus,malloreddus,gnocchetti sardi,Strascinati,Sardinian small ridged shells often with saffron.,Sardinia,Unknown,https://en.wikipedia.org/wiki/List_of_pasta,dragged,small; ridged; shell-like; often saffron,short,no,yes,no,yes,medium,no
Malloreddus campidanesi,malloreddus-campidanesi,,Short cuts,"Short shaped pasta; designed to hold sauce via curves, ridges, or cavities.",Unknown,Unknown,https://en.wikipedia.org/wiki/List_of_pasta,short-cut,short; shaped; ridges/cavities,short,no,yes,no,yes,medium,no
Maltagliati,maltagliati,,Short cuts,Irregular 'badly cut' pasta scraps.,Emilia-Romagna,Unknown,https://en.wikipedia.org/wiki/List_of_pasta,short-cut,irregular shapes; scrap cuts; varied size,short,no,unknown,no,no,medium,no
Mandilli,mandilli,,Sheets,Flat pasta sheets or sheet-like pieces for layering or saucing.,Unknown,Unknown,https://en.wikipedia.org/wiki/List_of_pasta,sheet,flat; sheet; wide surface,sheet,no,unknown,no,yes,medium,no
Mandilli de sea,mandilli-de-sea,,Sheets,Flat pasta sheets or sheet-like pieces for layering or saucing.,Unknown,Unknown,https://en.wikipedia.org/wiki/List_of_pasta,sheet,flat; sheet; wide surface,sheet,no,unknown,no,yes,medium,no
Manicotti,manicotti,,Large tubes,Large tube pasta for stuffing (Italian-American usage overlaps cannelloni).,Campania / Italian-American,Unknown,https://en.wikipedia.org/wiki/List_of_pasta,tube,large tube; smooth; stuffed; baked,tube,yes,no,no,no,medium,no
Margherite,margherite,,Soup / pastina,Small pasta cut designed for soups and broths.,Unknown,Unknown,https://en.wikipedia.org/wiki/List_of_pasta,pastina,small; soup; quick-cooking,soup,no,unknown,no,no,small,no
Marubini,marubini,,Filled,"Small filled pasta (like tiny tortelli), often in broth.",Lombardy (Cremona),Unknown,https://en.wikipedia.org/wiki/List_of_pasta,filled,stuffed; small; tortelli-like; broth serving,stuffed,no,unknown,no,no,small,yes
Marubini cremonesi,marubini-cremonesi,,Short cuts,"Short shaped pasta; designed to hold sauce via curves, ridges, or cavities.",Unknown,Unknown,https://en.wikipedia.org/wiki/List_of_pasta,short-cut,short; shaped; ridges/cavities,short,no,yes,no,yes,medium,no
Mezze maniche,mezze-maniche,,Short tubes,"Shorter 'half-sleeve' tubes, often ridged.",Lazio,Unknown,https://en.wikipedia.org/wiki/List_of_pasta,tube,tube; medium-large; short; often ridged,tube,yes,yes,no,no,medium,no
Mezzelune,mezzelune,,Filled,Half-moon stuffed pasta.,Northern Italy,Unknown,https://en.wikipedia.org/wiki/List_of_pasta,filled,stuffed; half-moon; crimped edge,stuffed,no,unknown,no,no,medium,yes
Mezzelune ripiene,mezzelune-ripiene,,Short cuts,"Short shaped pasta; designed to hold sauce via curves, ridges, or cavities.",Unknown,Unknown,https://en.wikipedia.org/wiki/List_of_pasta,short-cut,short; shaped; ridges/cavities,short,no,yes,no,yes,medium,no
Mezzi rigatoni,mezzi-rigatoni,,Short tubes,Short hollow tubes; ends may be straight or angled; ridges optional.,Unknown,Unknown,https://en.wikipedia.org/wiki/List_of_pasta,tube,tube; straight cut; ridged,tube,yes,yes,no,no,large,no
Minchiareddhri,minchiareddhri,,Short cuts,"Short shaped pasta; designed to hold sauce via curves, ridges, or cavities.",Unknown,Unknown,https://en.wikipedia.org/wiki/List_of_pasta,short-cut,short; shaped; ridges/cavities,short,no,yes,no,yes,medium,no
Minchiareddi,minchiareddi,,Short cuts,"Short shaped pasta; designed to hold sauce via curves, ridges, or cavities.",Unknown,Unknown,https://en.wikipedia.org/wiki/List_of_pasta,short-cut,short; shaped; ridges/cavities,short,no,yes,no,yes,medium,no
Mostaccioli,mostaccioli,,Short tubes,Short hollow tubes; ends may be straight or angled; ridges optional.,Unknown,Unknown,https://en.wikipedia.org/wiki/List_of_pasta,tube,tube; short; hollow,tube,yes,yes,no,no,medium,no
Mostaccioli rigati,mostaccioli-rigati,,Short tubes,Short hollow tubes; ends may be straight or angled; ridges optional.,Unknown,Unknown,https://en.wikipedia.org/wiki/List_of_pasta,tube,tube; straight cut; ridged,tube,yes,yes,no,no,medium,no
Nodi,nodi,,Short cuts,"Short shaped pasta; designed to hold sauce via curves, ridges, or cavities.",Unknown,Unknown,https://en.wikipedia.org/wiki/List_of_pasta,short-cut,short; shaped; ridges/cavities,short,no,yes,no,yes,medium,no
Nodi marini,nodi-marini,,Short cuts,"Short shaped pasta; designed to hold sauce via curves, ridges, or cavities.",Unknown,Unknown,https://en.wikipedia.org/wiki/List_of_pasta,short-cut,short; shaped; ridges/cavities,short,no,yes,no,yes,small,no
Occhi di pernice,occhi-di-pernice,,Soup / pastina,Small pasta cut designed for soups and broths.,Unknown,Unknown,https://en.wikipedia.org/wiki/List_of_pasta,pastina,small; soup; quick-cooking,soup,no,unknown,no,no,small,no
Orecchiette,orecchiette,,Strascinati,"Small concave 'little ear' discs, dragged from dough.",Puglia (and Basilicata),12th-13th c reported popularity in Puglia (attested in secondary historical discussions),https://www.the-pasta-project.com/orecchiette-pasta/,dragged,concave disc; single cavity; hand-dragged,short,no,unknown,no,yes,small,no
Orecchiette integrali,orecchiette-integrali,,Short cuts,"Short shaped pasta; designed to hold sauce via curves, ridges, or cavities.",Unknown,Unknown,https://en.wikipedia.org/wiki/List_of_pasta,short-cut,short; shaped; ridges/cavities,short,no,yes,no,yes,medium,no
Orecchiette rigate,orecchiette-rigate,,Short cuts,"Short shaped pasta; designed to hold sauce via curves, ridges, or cavities.",Unknown,Unknown,https://en.wikipedia.org/wiki/List_of_pasta,short-cut,short; shaped; ridges/cavities,short,no,yes,no,yes,medium,no
Orzo,orzo,orzo pasta; risone; risoni,Soup / pastina,Rice-shaped pasta grains.,Italy (common),Unknown,https://en.wikipedia.org/wiki/List_of_pasta,pastina,rice-shaped grains; soup/salad,soup,no,unknown,no,no,small,no
Paccheri,paccheri,,Large tubes,"Very large short tubes, often from Campania.",Campania (Naples/Gragnano),Unknown,https://en.wikipedia.org/wiki/List_of_pasta,tube,tube; very large; short; wide opening,tube,yes,unknown,no,no,medium,no
Pansoti,pansoti,,Filled,Stuffed pasta parcel; regional variations in fold and filling.,Unknown,Unknown,https://en.wikipedia.org/wiki/List_of_pasta,filled,stuffed; sealed edges; fold varies,stuffed,no,unknown,no,no,medium,yes
Pansotti,pansotti,,Filled,"Triangular stuffed pasta, often with wild greens (preboggion).",Liguria,Unknown,https://en.wikipedia.org/wiki/List_of_pasta,filled,stuffed; triangular; greens filling common,stuffed,no,unknown,no,no,medium,yes
Pansotti di borragine,pansotti-di-borragine,,Filled,Stuffed pasta parcel; regional variations in fold and filling.,Unknown,Unknown,https://en.wikipedia.org/wiki/List_of_pasta,filled,stuffed; sealed edges; fold varies,stuffed,no,unknown,no,no,small,yes
Pappardelle,pappardelle,,Long ribbons,Very wide flat ribbons.,Tuscany,Unknown,https://en.wikipedia.org/wiki/List_of_pasta,ribbon,flat; very wide; long; egg pasta,ribbon,no,unknown,no,no,medium,no
Pappardelle all'uovo,pappardelle-alluovo,,Long ribbons,Long flat ribbons; width and edge style vary by type.,Unknown,Unknown,https://en.wikipedia.org/wiki/List_of_pasta,ribbon,flat; long; ribbon,ribbon,no,unknown,no,no,medium,no
Passatelli,passatelli,,Dumpling-like,Bread/cheese-egg dough pressed into thick noodles for broth.,Emilia-Romagna,Unknown,https://en.wikipedia.org/wiki/List_of_pasta,dumpling,pressed through ricer; thick strands; broth serving,dumpling,no,unknown,no,no,medium,no
Pasta mista,pasta-mista,,Soup / pastina,Mixed broken pasta shapes (Neapolitan tradition).,Campania (Naples),Unknown,https://en.wikipedia.org/wiki/List_of_pasta,pastina,mixed cuts; broken pieces; soup/stew,soup,no,unknown,no,no,small,no
Patacucci,patacucci,,Short cuts,"Short shaped pasta; designed to hold sauce via curves, ridges, or cavities.",Unknown,Unknown,https://en.wikipedia.org/wiki/List_of_pasta,short-cut,short; shaped; ridges/cavities,short,no,yes,no,yes,medium,no
Penne,penne,penne rigate,Short tubes,Short diagonal-cut tubes; smooth or ridged.,Liguria / Campania,Unknown,https://en.wikipedia.org/wiki/List_of_pasta,tube,tube; diagonal cut; short; optional ridges,tube,yes,yes,no,no,medium,no
Penne a candela (broken),penne-a-candela-broken,,Short tubes,Short hollow tubes; ends may be straight or angled; ridges optional.,Unknown,Unknown,https://en.wikipedia.org/wiki/List_of_pasta,tube,tube; diagonal cut; ridged optional,tube,yes,yes,no,no,medium,no
Penne lisce,penne-lisce,,Short tubes,Short hollow tubes; ends may be straight or angled; ridges optional.,Unknown,Unknown,https://en.wikipedia.org/wiki/List_of_pasta,tube,tube; diagonal cut; ridged optional,tube,yes,no,no,no,medium,no
Penne ziti rigate,penne-ziti-rigate,,Short tubes,Short hollow tubes; ends may be straight or angled; ridges optional.,Unknown,Unknown,https://en.wikipedia.org/wiki/List_of_pasta,tube,tube; diagonal cut; ridged optional,tube,yes,yes,no,no,medium,no
Pennette,pennette,,Short tubes,Smaller penne.,Italy (common),Unknown,https://en.wikipedia.org/wiki/List_of_pasta,tube,tube; diagonal cut; small; optional ridges,tube,yes,yes,no,no,small,no
Pennoni,pennoni,,Short tubes,Larger penne.,Italy (common),Unknown,https://en.wikipedia.org/wiki/List_of_pasta,tube,tube; diagonal cut; large; optional ridges,tube,yes,yes,no,no,large,no
Perciatelli,perciatelli,,Short cuts,"Short shaped pasta; designed to hold sauce via curves, ridges, or cavities.",Unknown,Unknown,https://en.wikipedia.org/wiki/List_of_pasta,short-cut,short; shaped; ridges/cavities,short,no,yes,no,yes,medium,no
Perlina,perlina,,Soup / pastina,Small pasta cut designed for soups and broths.,Unknown,Unknown,https://en.wikipedia.org/wiki/List_of_pasta,pastina,small; soup; quick-cooking,soup,no,unknown,no,no,small,no
Perline,perline,,Soup / pastina,Small pasta cut designed for soups and broths.,Unknown,Unknown,https://en.wikipedia.org/wiki/List_of_pasta,pastina,small; soup; quick-cooking,soup,no,unknown,no,no,small,no
Pici,pici,,Long strands,Thick hand-rolled spaghetti-like strands.,Tuscany (Siena),Unknown,https://en.wikipedia.org/wiki/List_of_pasta,strand,solid; thick; hand-rolled; rustic,strand,no,unknown,no,no,medium,no
Pici all'aglione (strand),pici-allaglione-strand,,Long strands,Long strand pasta; thickness and cross-section vary by type.,Unknown,Unknown,https://en.wikipedia.org/wiki/List_of_pasta,strand,solid; long; round/varies,strand,no,unknown,no,no,medium,no
Pici senesi,pici-senesi,,Long strands,Long strand pasta; thickness and cross-section vary by type.,Unknown,Unknown,https://en.wikipedia.org/wiki/List_of_pasta,strand,solid; long; round/varies,strand,no,unknown,no,no,medium,no
Pipe,pipe,,Short cuts,"Short shaped pasta; designed to hold sauce via curves, ridges, or cavities.",Unknown,Unknown,https://en.wikipedia.org/wiki/List_of_pasta,short-cut,short; shaped; ridges/cavities,short,no,yes,no,yes,medium,no
Pipe lisce,pipe-lisce,,Short cuts,"Short shaped pasta; designed to hold sauce via curves, ridges, or cavities.",Unknown,Unknown,https://en.wikipedia.org/wiki/List_of_pasta,short-cut,short; shaped; ridges/cavities,short,no,no,no,yes,medium,no
Pipe rigate,pipe-rigate,,Short tubes,Curved ridged tubes with wider opening.,Italy (common),Unknown,https://en.wikipedia.org/wiki/List_of_pasta,tube,tube; curved; ridged; flared mouth,tube,yes,yes,no,yes,medium,no
Pizzoccheri,pizzoccheri,,Long ribbons,Short flat buckwheat ribbons.,Lombardy (Valtellina),Unknown,https://en.wikipedia.org/wiki/List_of_pasta,ribbon,flat; buckwheat; short ribbons,ribbon,no,unknown,no,no,medium,no
Puntine,puntine,,Soup / pastina,Small pasta cut designed for soups and broths.,Unknown,Unknown,https://en.wikipedia.org/wiki/List_of_pasta,pastina,small; soup; quick-cooking,soup,no,unknown,no,no,small,no
Puntine rigate,puntine-rigate,,Soup / pastina,Small pasta cut designed for soups and broths.,Unknown,Unknown,https://en.wikipedia.org/wiki/List_of_pasta,pastina,small; soup; quick-cooking,soup,no,yes,no,no,small,no
Quadrettini,quadrettini,,Short cuts,"Short shaped pasta; designed to hold sauce via curves, ridges, or cavities.",Unknown,Unknown,https://en.wikipedia.org/wiki/List_of_pasta,short-cut,short; shaped; ridges/cavities,short,no,yes,no,yes,small,no
Quadrettini all'uovo,quadrettini-alluovo,,Short cuts,"Short shaped pasta; designed to hold sauce via curves, ridges, or cavities.",Unknown,Unknown,https://en.wikipedia.org/wiki/List_of_pasta,short-cut,short; shaped; ridges/cavities,short,no,yes,no,yes,medium,no
Quadrucci,quadrucci,,Soup / pastina,Small square egg pasta pieces for broth.,Emilia-Romagna / Marche,Unknown,https://en.wikipedia.org/wiki/List_of_pasta,pastina,tiny squares; egg pasta; soup,soup,no,unknown,no,no,small,no
Quattrotini,quattrotini,cinque buchi (related name),Short cuts,Four connected mini-tubes (rare traditional shape).,Sicily,Unknown,https://www.foodandwine.com/the-sporkful-podcast-new-pasta-shape-7098456,short-cut,clustered tubes; multi-hole; small; sauce-trapping,short,yes,unknown,yes,no,small,no
Radiatori,radiatori,,Short cuts,Compact ridged shapes resembling radiators.,Italy (modern),Unknown,https://en.wikipedia.org/wiki/List_of_pasta,short-cut,compact; deep ridges; sauce-grabbing,short,no,yes,no,no,medium,no
Radiatorini,radiatorini,,Short cuts,"Short shaped pasta; designed to hold sauce via curves, ridges, or cavities.",Unknown,Unknown,https://en.wikipedia.org/wiki/List_of_pasta,short-cut,short; shaped; ridges/cavities,short,no,yes,no,yes,small,no
Ravioli,ravioli,raviolo (sing.); raviolini (small),Filled,Square/rectangular stuffed pasta pillows.,Northern & Central Italy,"14th c mentions/recipes (e.g., Datini letters; mid-14th c Libro per cuoco; appears in 14th c Forme of Cury)",https://en.wikipedia.org/wiki/Ravioli,filled,sealed pockets; square/rectangular; stuffed,stuffed,no,unknown,no,no,medium,yes
Ravioli del plin,ravioli-del-plin,,Filled,Stuffed pasta parcel; regional variations in fold and filling.,Unknown,Unknown,https://en.wikipedia.org/wiki/List_of_pasta,filled,stuffed; sealed edges; fold varies,stuffed,no,unknown,no,no,medium,yes
Ravioli di carne,ravioli-di-carne,,Filled,Stuffed pasta parcel; regional variations in fold and filling.,Unknown,Unknown,https://en.wikipedia.org/wiki/List_of_pasta,filled,stuffed; sealed edges; fold varies,stuffed,no,unknown,no,no,medium,yes
Ravioli di magro,ravioli-di-magro,,Filled,Stuffed pasta parcel; regional variations in fold and filling.,Unknown,Unknown,https://en.wikipedia.org/wiki/List_of_pasta,filled,stuffed; sealed edges; fold varies,stuffed,no,unknown,no,no,medium,yes
Ravioli triangolari,ravioli-triangolari,,Filled,Stuffed pasta parcel; regional variations in fold and filling.,Unknown,Unknown,https://en.wikipedia.org/wiki/List_of_pasta,filled,stuffed; sealed edges; fold varies,stuffed,no,unknown,no,no,medium,yes
Raviolini,raviolini,,Filled,Stuffed pasta parcel; regional variations in fold and filling.,Unknown,Unknown,https://en.wikipedia.org/wiki/List_of_pasta,filled,stuffed; sealed edges; fold varies,stuffed,no,unknown,no,no,small,yes
Ravioloni,ravioloni,,Filled,Stuffed pasta parcel; regional variations in fold and filling.,Unknown,Unknown,https://en.wikipedia.org/wiki/List_of_pasta,filled,stuffed; sealed edges; fold varies,stuffed,no,unknown,no,no,large,yes
Reginette corte,reginette-corte,,Long ribbons,Long flat ribbons; width and edge style vary by type.,Unknown,Unknown,https://en.wikipedia.org/wiki/List_of_pasta,ribbon,flat; long; ruffled edge,ribbon,no,unknown,no,no,medium,no
Riccioli,riccioli,,Short cuts,"Short shaped pasta; designed to hold sauce via curves, ridges, or cavities.",Unknown,Unknown,https://en.wikipedia.org/wiki/List_of_pasta,short-cut,short; shaped; ridges/cavities,short,no,yes,no,yes,medium,no
Ricciolini,ricciolini,,Short cuts,"Short shaped pasta; designed to hold sauce via curves, ridges, or cavities.",Unknown,Unknown,https://en.wikipedia.org/wiki/List_of_pasta,short-cut,short; shaped; ridges/cavities,short,no,yes,no,yes,small,no
Ricciutelle,ricciutelle,,Short cuts,"Short shaped pasta; designed to hold sauce via curves, ridges, or cavities.",Unknown,Unknown,https://en.wikipedia.org/wiki/List_of_pasta,short-cut,short; shaped; ridges/cavities,short,no,yes,no,yes,medium,no
Rigatoncini,rigatoncini,,Short tubes,Short hollow tubes; ends may be straight or angled; ridges optional.,Unknown,Unknown,https://en.wikipedia.org/wiki/List_of_pasta,tube,tube; straight cut; ridged,tube,yes,yes,no,no,small,no
Rigatoni,rigatoni,,Short tubes,Large straight ridged tubes with square-cut ends.,Lazio / Southern Italy,Unknown,https://en.wikipedia.org/wiki/List_of_pasta,tube,tube; large; straight; ridged; square cut,tube,yes,yes,no,no,large,no
Risoni,risoni,,Soup / pastina,Small pasta cut designed for soups and broths.,Unknown,Unknown,https://en.wikipedia.org/wiki/List_of_pasta,pastina,small; soup; quick-cooking,soup,no,unknown,no,no,small,no
Risoni integrali,risoni-integrali,,Soup / pastina,Small pasta cut designed for soups and broths.,Unknown,Unknown,https://en.wikipedia.org/wiki/List_of_pasta,pastina,small; soup; quick-cooking,soup,no,unknown,no,no,small,no
Rotelle,rotelle,ruote; wagon wheels,Short cuts,Small wheels/cogs.,Italy (common),Unknown,https://en.wikipedia.org/wiki/List_of_pasta,short-cut,wheel; spokes; round; small,short,no,unknown,no,yes,medium,no
Rotelline,rotelline,,Rings,Ring-shaped pasta; size varies; used in soups and bakes.,Unknown,Unknown,https://en.wikipedia.org/wiki/List_of_pasta,ring,ring; circular; hole,ring,yes,unknown,no,yes,small,no
Rotini,rotini,,Short cuts,Tight corkscrew spirals (often U.S. naming overlaps fusilli).,Italy / Italian-American,Unknown,https://en.wikipedia.org/wiki/List_of_pasta,short-cut,tight corkscrew; short; solid,short,no,unknown,yes,no,small,no
Ruote,ruote,,Rings,Ring-shaped pasta; size varies; used in soups and bakes.,Unknown,Unknown,https://en.wikipedia.org/wiki/List_of_pasta,ring,ring; circular; hole,ring,yes,unknown,no,yes,medium,no
Ruotine,ruotine,,Short cuts,"Short shaped pasta; designed to hold sauce via curves, ridges, or cavities.",Unknown,Unknown,https://en.wikipedia.org/wiki/List_of_pasta,short-cut,short; shaped; ridges/cavities,short,no,yes,no,yes,small,no
Sagne,sagne,,Sheets,Flat pasta sheets or sheet-like pieces for layering or saucing.,Unknown,Unknown,https://en.wikipedia.org/wiki/List_of_pasta,sheet,flat; sheet; wide surface,sheet,no,unknown,no,yes,medium,no
Sagne 'ncannulate,sagne-ncannulate,,Long ribbons,"Twisted long ribbons, often hand-rolled and twisted.",Puglia (Salento),Unknown,https://en.wikipedia.org/wiki/List_of_pasta,ribbon,long ribbons; twisted; rustic; hand-rolled,ribbon,no,unknown,yes,no,medium,no
Sagne torte,sagne-torte,,Sheets,Flat pasta sheets or sheet-like pieces for layering or saucing.,Unknown,Unknown,https://en.wikipedia.org/wiki/List_of_pasta,sheet,flat; sheet; wide surface,sheet,no,unknown,no,yes,medium,no
Scialatielli,scialatielli,,Long ribbons,"Short thick flat ribbons, often fresh.",Campania (Amalfi),Unknown,https://en.wikipedia.org/wiki/List_of_pasta,ribbon,flat; thick; short; fresh,ribbon,no,unknown,no,no,medium,no
Scrippelle,scrippelle,,Sheets,Flat pasta sheets or sheet-like pieces for layering or saucing.,Unknown,Unknown,https://en.wikipedia.org/wiki/List_of_pasta,sheet,flat; sheet; wide surface,sheet,no,unknown,no,yes,medium,no
Scrippelle 'mbusse,scrippelle-mbusse,,Sheets,Flat pasta sheets or sheet-like pieces for layering or saucing.,Unknown,Unknown,https://en.wikipedia.org/wiki/List_of_pasta,sheet,flat; sheet; wide surface,sheet,no,unknown,no,yes,medium,no
Sedanini,sedanini,sedani; sederini (smaller),Short tubes,Medium-short ridged tubes.,Italy (common),Unknown,https://en.wikipedia.org/wiki/List_of_pasta,tube,tube; medium; ridged; straight,tube,yes,yes,no,no,small,no
Seme di melone,seme-di-melone,,Soup / pastina,Small pasta cut designed for soups and broths.,Unknown,Unknown,https://en.wikipedia.org/wiki/List_of_pasta,pastina,small; soup; quick-cooking,soup,no,unknown,no,no,small,no
Seme di melone rigato,seme-di-melone-rigato,,Soup / pastina,Small pasta cut designed for soups and broths.,Unknown,Unknown,https://en.wikipedia.org/wiki/List_of_pasta,pastina,small; soup; quick-cooking,soup,no,yes,no,no,small,no
Sorcetti,sorcetti,,Short cuts,"Short shaped pasta; designed to hold sauce via curves, ridges, or cavities.",Unknown,Unknown,https://en.wikipedia.org/wiki/List_of_pasta,short-cut,short; shaped; ridges/cavities,short,no,yes,no,yes,small,no
Spaccatelle,spaccatelle,,Short cuts,"Short shaped pasta; designed to hold sauce via curves, ridges, or cavities.",Unknown,Unknown,https://en.wikipedia.org/wiki/List_of_pasta,short-cut,short; shaped; ridges/cavities,short,no,yes,no,yes,medium,no
Spaghetti,spaghetti,spaghettini (thin); spaghettoni (thick); vermicelli (intermediate),Long strands,"Long, thin, solid cylindrical strands.",Campania (Naples),mid-12th c records of dried long pasta (itriyya) production in Sicily; 15th c culinary descriptions of string-cut pasta,https://en.wikipedia.org/wiki/Spaghetti,strand,solid; round cross-section; long; thin,strand,no,unknown,no,no,small,no
Spaghetti alla busara (cut),spaghetti-alla-busara-cut,,Long strands,Long strand pasta; thickness and cross-section vary by type.,Unknown,Unknown,https://en.wikipedia.org/wiki/List_of_pasta,strand,solid; long; round/varies,strand,no,unknown,no,no,medium,no
Spaghetti alla chitarra,spaghetti-alla-chitarra,maccheroni alla chitarra,Long strands,Square-section strands cut using a wire 'chitarra'.,Abruzzo,Unknown,https://en.wikipedia.org/wiki/List_of_pasta,strand,square cross-section; cut on chitarra; long,strand,no,unknown,no,no,medium,no
Spaghetti grossi,spaghetti-grossi,,Long strands,Long strand pasta; thickness and cross-section vary by type.,Unknown,Unknown,https://en.wikipedia.org/wiki/List_of_pasta,strand,solid; long; round/varies,strand,no,unknown,no,no,medium,no
Spaghetti quadrati,spaghetti-quadrati,,Long strands,Long strand pasta; thickness and cross-section vary by type.,Unknown,Unknown,https://en.wikipedia.org/wiki/List_of_pasta,strand,square cross-section; long,strand,no,unknown,no,no,medium,no
Spaghetti spezzati,spaghetti-spezzati,,Long strands,Long strand pasta; thickness and cross-section vary by type.,Unknown,Unknown,https://en.wikipedia.org/wiki/List_of_pasta,strand,solid; long; round/varies,strand,no,unknown,no,no,medium,no
Spaghettini,spaghettini,,Long strands,Thin version of spaghetti.,Campania,Unknown,https://en.wikipedia.org/wiki/List_of_pasta,strand,solid; round cross-section; long; thin,strand,no,unknown,no,no,small,no
Spaghettini integrali,spaghettini-integrali,,Long strands,Long strand pasta; thickness and cross-section vary by type.,Unknown,Unknown,https://en.wikipedia.org/wiki/List_of_pasta,strand,solid; long; round/varies,strand,no,unknown,no,no,medium,no
Spaghettoni,spaghettoni,,Long strands,Thick version of spaghetti.,Campania,Unknown,https://en.wikipedia.org/wiki/List_of_pasta,strand,solid; round cross-section; long; thick,strand,no,unknown,no,no,large,no
Spighe,spighe,,Short cuts,"Short shaped pasta; designed to hold sauce via curves, ridges, or cavities.",Unknown,Unknown,https://en.wikipedia.org/wiki/List_of_pasta,short-cut,short; shaped; ridges/cavities,short,no,yes,no,yes,medium,no
Spighe rigate,spighe-rigate,,Short cuts,"Short shaped pasta; designed to hold sauce via curves, ridges, or cavities.",Unknown,Unknown,https://en.wikipedia.org/wiki/List_of_pasta,short-cut,short; shaped; ridges/cavities,short,no,yes,no,yes,medium,no
Spirali,spirali,,Short cuts,"Short shaped pasta; designed to hold sauce via curves, ridges, or cavities.",Unknown,Unknown,https://en.wikipedia.org/wiki/List_of_pasta,short-cut,short; shaped; ridges/cavities,short,no,yes,yes,yes,medium,no
Spirali giganti,spirali-giganti,,Short cuts,"Short shaped pasta; designed to hold sauce via curves, ridges, or cavities.",Unknown,Unknown,https://en.wikipedia.org/wiki/List_of_pasta,short-cut,short; shaped; ridges/cavities,short,no,yes,yes,yes,large,no
Spiralini,spiralini,,Short cuts,"Short shaped pasta; designed to hold sauce via curves, ridges, or cavities.",Unknown,Unknown,https://en.wikipedia.org/wiki/List_of_pasta,short-cut,short; shaped; ridges/cavities,short,no,yes,yes,yes,small,no
Stelline,stelline,stelle,Soup / pastina,Tiny stars for soup.,Italy (common),Unknown,https://en.wikipedia.org/wiki/List_of_pasta,pastina,tiny stars; soup,soup,no,unknown,no,no,small,no
Stelline grandi,stelline-grandi,,Soup / pastina,Small pasta cut designed for soups and broths.,Unknown,Unknown,https://en.wikipedia.org/wiki/List_of_pasta,pastina,small; soup; quick-cooking,soup,no,unknown,no,no,small,no
Stelline piccole,stelline-piccole,,Soup / pastina,Small pasta cut designed for soups and broths.,Unknown,Unknown,https://en.wikipedia.org/wiki/List_of_pasta,pastina,small; soup; quick-cooking,soup,no,unknown,no,no,small,no
Stortini,stortini,,Short cuts,"Short shaped pasta; designed to hold sauce via curves, ridges, or cavities.",Unknown,Unknown,https://en.wikipedia.org/wiki/List_of_pasta,short-cut,short; shaped; ridges/cavities,short,no,yes,no,yes,small,no
Stortini piccoli,stortini-piccoli,,Short cuts,"Short shaped pasta; designed to hold sauce via curves, ridges, or cavities.",Unknown,Unknown,https://en.wikipedia.org/wiki/List_of_pasta,short-cut,short; shaped; ridges/cavities,short,no,yes,no,yes,small,no
Stracci,stracci,,Sheets,Flat pasta sheets or sheet-like pieces for layering or saucing.,Unknown,Unknown,https://en.wikipedia.org/wiki/List_of_pasta,sheet,flat; sheet; wide surface,sheet,no,unknown,no,yes,medium,no
Strangolapreti,strangolapreti,,Dumpling-like,"Soft dumpling-style pasta (often potato, bread, or cheese based).",Unknown,Unknown,https://en.wikipedia.org/wiki/List_of_pasta,dumpling,dumpling; soft; formed pieces,dumpling,no,unknown,no,no,medium,no
Strascinati,strascinati,,Strascinati,Generic dragged pasta shapes often orecchiette-like.,Basilicata / Puglia,Unknown,https://en.wikipedia.org/wiki/List_of_pasta,dragged,hand-dragged; varies; often concave,short,no,unknown,no,yes,medium,no
Stringozzi,stringozzi,,Long strands,Flat-ish thick shoelace-like strands.,Umbria,Unknown,https://en.wikipedia.org/wiki/List_of_pasta,strand,thick; slightly flat; long; rustic,strand,no,unknown,no,yes,medium,no
Strozzapreti,strozzapreti,,Strascinati,Twisted short pieces (varies by region).,Emilia-Romagna / Tuscany / Marche,Unknown,https://en.wikipedia.org/wiki/List_of_pasta,dragged,twisted; short; irregular thickness; hand-rolled,short,no,unknown,yes,no,medium,no
Su filindeu,su-filindeu,filindeu; Su filindeu (threads); Su filindeu threads,Long strands,Ultra-fine hand-pulled threads layered for soup.,Sardinia (Nuoro/Barbagia),Unknown,https://en.wikipedia.org/wiki/List_of_pasta,strand,hand-pulled; ultra-fine; woven/stacked; rare,strand,no,unknown,no,no,medium,no
Tagliatelle,tagliatelle,,Long ribbons,Medium-wide flat egg ribbons.,Emilia-Romagna (Bologna),Unknown,https://en.wikipedia.org/wiki/List_of_pasta,ribbon,flat; medium width; long; egg pasta,ribbon,no,unknown,no,no,medium,no
Tagliatelline,tagliatelline,,Long ribbons,Long flat ribbons; width and edge style vary by type.,Unknown,Unknown,https://en.wikipedia.org/wiki/List_of_pasta,ribbon,flat; long; ribbon,ribbon,no,unknown,no,no,small,no
Tagliolini,tagliolini,,Long ribbons,Narrow flat egg ribbons (thinner than tagliatelle).,Piedmont / Emilia-Romagna,Unknown,https://en.wikipedia.org/wiki/List_of_pasta,ribbon,flat; narrow; long; egg pasta,ribbon,no,unknown,no,no,small,no
Tagliolini al nero di seppia,tagliolini-al-nero-di-seppia,,Short cuts,"Short shaped pasta; designed to hold sauce via curves, ridges, or cavities.",Unknown,Unknown,https://en.wikipedia.org/wiki/List_of_pasta,short-cut,short; shaped; ridges/cavities,short,no,yes,no,yes,medium,no
Tagliolini verdi,tagliolini-verdi,,Short cuts,"Short shaped pasta; designed to hold sauce via curves, ridges, or cavities.",Unknown,Unknown,https://en.wikipedia.org/wiki/List_of_pasta,short-cut,short; shaped; ridges/cavities,short,no,yes,no,yes,medium,no
Tajarin,tajarin,tajarin piemontesi,Long ribbons,Very thin egg-rich ribbons.,Piedmont,Unknown,https://en.wikipedia.org/wiki/List_of_pasta,ribbon,flat; very thin; long; high egg content,ribbon,no,unknown,no,no,medium,no
Testaroli,testaroli,,Short cuts,"Short shaped pasta; designed to hold sauce via curves, ridges, or cavities.",Unknown,Unknown,https://en.wikipedia.org/wiki/List_of_pasta,short-cut,short; shaped; ridges/cavities,short,no,yes,no,yes,medium,no
Testaroli pontremolesi,testaroli-pontremolesi,,Short cuts,"Short shaped pasta; designed to hold sauce via curves, ridges, or cavities.",Unknown,Unknown,https://en.wikipedia.org/wiki/List_of_pasta,short-cut,short; shaped; ridges/cavities,short,no,yes,no,yes,medium,no
Tonnarelli,tonnarelli,,Long strands,Square-section spaghetti-like strands often egg/semolina.,Lazio (Rome),Unknown,https://en.wikipedia.org/wiki/List_of_pasta,strand,solid; square cross-section; long; chitarra-like,strand,no,unknown,no,no,medium,no
Torchio,torchio,,Short cuts,"Short shaped pasta; designed to hold sauce via curves, ridges, or cavities.",Unknown,Unknown,https://en.wikipedia.org/wiki/List_of_pasta,short-cut,short; shaped; ridges/cavities,short,no,yes,no,yes,medium,no
Tortellacci,tortellacci,,Filled,Stuffed pasta parcel; regional variations in fold and filling.,Unknown,Unknown,https://en.wikipedia.org/wiki/List_of_pasta,filled,stuffed; sealed edges; fold varies,stuffed,no,unknown,no,no,medium,yes
Tortellacci alle erbe,tortellacci-alle-erbe,,Filled,Stuffed pasta parcel; regional variations in fold and filling.,Unknown,Unknown,https://en.wikipedia.org/wiki/List_of_pasta,filled,stuffed; sealed edges; fold varies,stuffed,no,unknown,no,no,medium,yes
Tortelli,tortelli,,Filled,Generic term for stuffed pasta squares/rectangles (regional variants).,Northern Italy,Unknown,https://en.wikipedia.org/wiki/List_of_pasta,filled,stuffed; varies by region; often square/rectangular,stuffed,no,unknown,no,no,medium,yes
Tortelli cremaschi,tortelli-cremaschi,,Filled,Stuffed pasta parcel; regional variations in fold and filling.,Unknown,Unknown,https://en.wikipedia.org/wiki/List_of_pasta,filled,stuffed; sealed edges; fold varies,stuffed,no,unknown,no,no,medium,yes
Tortelli di erbetta,tortelli-di-erbetta,,Filled,Stuffed pasta parcel; regional variations in fold and filling.,Unknown,Unknown,https://en.wikipedia.org/wiki/List_of_pasta,filled,stuffed; sealed edges; fold varies,stuffed,no,unknown,no,no,medium,yes
Tortelli di zucca,tortelli-di-zucca,,Filled,Stuffed pasta parcel; regional variations in fold and filling.,Unknown,Unknown,https://en.wikipedia.org/wiki/List_of_pasta,filled,stuffed; sealed edges; fold varies,stuffed,no,unknown,no,no,medium,yes
Tortelli lucchesi,tortelli-lucchesi,,Filled,Stuffed pasta parcel; regional variations in fold and filling.,Unknown,Unknown,https://en.wikipedia.org/wiki/List_of_pasta,filled,stuffed; sealed edges; fold varies,stuffed,no,unknown,no,no,medium,yes
Tortelli maremmani,tortelli-maremmani,,Filled,Stuffed pasta parcel; regional variations in fold and filling.,Unknown,Unknown,https://en.wikipedia.org/wiki/List_of_pasta,filled,stuffed; sealed edges; fold varies,stuffed,no,unknown,no,no,medium,yes
Tortellini,tortellini,,Filled,"Small ring-shaped stuffed pasta, often served in broth.",Emilia-Romagna (Bologna/Modena),1570 attested recipe close to modern form (Bartolomeo Scappi per La Cucina Italiana),https://www.lacucinaitaliana.com/trends/news/shop-like-an-italian-tortellini,filled,stuffed; ring shape; small; often in broth,stuffed,no,unknown,no,yes,small,yes
Tortellini giganti,tortellini-giganti,,Filled,Stuffed pasta parcel; regional variations in fold and filling.,Unknown,Unknown,https://en.wikipedia.org/wiki/List_of_pasta,filled,stuffed; sealed edges; fold varies,stuffed,no,unknown,no,no,large,yes
Tortellini in brodo,tortellini-in-brodo,,Filled,Stuffed pasta parcel; regional variations in fold and filling.,Unknown,Unknown,https://en.wikipedia.org/wiki/List_of_pasta,filled,stuffed; sealed edges; fold varies,stuffed,no,unknown,no,no,medium,yes
Tortellini mignon,tortellini-mignon,,Filled,Stuffed pasta parcel; regional variations in fold and filling.,Unknown,Unknown,https://en.wikipedia.org/wiki/List_of_pasta,filled,stuffed; sealed edges; fold varies,stuffed,no,unknown,no,no,small,yes
Tortelloni,tortelloni,,Filled,"Larger tortellini, often ricotta/herb fillings.",Emilia-Romagna,Unknown,https://en.wikipedia.org/wiki/List_of_pasta,filled,stuffed; ring shape; large; ricotta-forward,stuffed,no,unknown,no,yes,large,yes
Tortiglioni,tortiglioni,,Short tubes,Ridged tubes with spiral grooves.,Campania / Italy (common),Unknown,https://en.wikipedia.org/wiki/List_of_pasta,tube,tube; ridged; spiral grooves; straight,tube,yes,yes,yes,no,large,no
Trenette,trenette,,Long ribbons,Flat ribbons similar to linguine often served with pesto.,Liguria,Unknown,https://en.wikipedia.org/wiki/List_of_pasta,ribbon,flat; narrow; long; often paired with pesto,ribbon,no,unknown,no,no,small,no
Trenette avvantaggiate,trenette-avvantaggiate,,Long ribbons,Long flat ribbons; width and edge style vary by type.,Unknown,Unknown,https://en.wikipedia.org/wiki/List_of_pasta,ribbon,flat; long; ribbon,ribbon,no,unknown,no,no,medium,no
Triddhi,triddhi,,Short cuts,"Short shaped pasta; designed to hold sauce via curves, ridges, or cavities.",Unknown,Unknown,https://en.wikipedia.org/wiki/List_of_pasta,short-cut,short; shaped; ridges/cavities,short,no,yes,no,yes,medium,no
Triddhu,triddhu,,Short cuts,"Short shaped pasta; designed to hold sauce via curves, ridges, or cavities.",Unknown,Unknown,https://en.wikipedia.org/wiki/List_of_pasta,short-cut,short; shaped; ridges/cavities,short,no,yes,no,yes,medium,no
Tripoline,tripoline,,Long ribbons,Short ribbon shapes with ruffled edge on one side.,Campania / Italy (common),Unknown,https://en.wikipedia.org/wiki/List_of_pasta,ribbon,short ribbon; single ruffled edge; wavy,ribbon,no,unknown,no,no,small,no
Tripolini,tripolini,,Short cuts,"Short shaped pasta; designed to hold sauce via curves, ridges, or cavities.",Unknown,Unknown,https://en.wikipedia.org/wiki/List_of_pasta,short-cut,short; shaped; ridges/cavities,short,no,yes,no,yes,small,no
Troccoli,troccoli,,Strascinati,"Thick spaghetti-like strands, often cut with a grooved rolling pin.",Puglia,Unknown,https://en.wikipedia.org/wiki/List_of_pasta,dragged,solid; thick; cut with grooved pin; rustic,short,no,yes,no,no,medium,no
Trofie,trofie,,Strascinati,"Short twisted hand-rolled pieces, often with pesto.",Liguria,Unknown,https://en.wikipedia.org/wiki/List_of_pasta,dragged,short; twisted; hand-rolled; tapered ends,short,no,unknown,yes,no,medium,no
Tubetti,tubetti,,Short tubes,Small straight tubes for soups/pasta e fagioli.,Italy (common),Unknown,https://en.wikipedia.org/wiki/List_of_pasta,tube,tube; small; straight; soup/beans,tube,yes,unknown,no,no,small,no
Tubettini,tubettini,,Short tubes,Short hollow tubes; ends may be straight or angled; ridges optional.,Unknown,Unknown,https://en.wikipedia.org/wiki/List_of_pasta,tube,tube; short; hollow,tube,yes,yes,no,no,small,no
Tubettini rigati,tubettini-rigati,,Short tubes,Short hollow tubes; ends may be straight or angled; ridges optional.,Unknown,Unknown,https://en.wikipedia.org/wiki/List_of_pasta,tube,tube; straight cut; ridged,tube,yes,yes,no,no,medium,no
Tubularini,tubularini,,Short cuts,"Short shaped pasta; designed to hold sauce via curves, ridges, or cavities.",Unknown,Unknown,https://en.wikipedia.org/wiki/List_of_pasta,short-cut,short; shaped; ridges/cavities,short,yes,yes,no,yes,small,no
Tufoli,tufoli,,Short tubes,Short hollow tubes; ends may be straight or angled; ridges optional.,Unknown,Unknown,https://en.wikipedia.org/wiki/List_of_pasta,tube,tube; short; hollow,tube,yes,yes,no,no,medium,no
Tufoli rigati,tufoli-rigati,,Short tubes,Short hollow tubes; ends may be straight or angled; ridges optional.,Unknown,Unknown,https://en.wikipedia.org/wiki/List_of_pasta,tube,tube; straight cut; ridged,tube,yes,yes,no,no,medium,no
Umbricelli,umbricelli,umbrichelli,Long strands,Thick rustic hand-rolled strands.,Umbria,Unknown,https://en.wikipedia.org/wiki/List_of_pasta,strand,solid; thick; hand-rolled; rustic,strand,no,unknown,no,no,medium,no
Vermicelli,vermicelli,,Long strands,"Long thin strands, typically between spaghetti and capellini thickness.",Campania / Southern Italy,Unknown,https://en.wikipedia.org/wiki/List_of_pasta,strand,solid; round cross-section; long; very thin,strand,no,unknown,no,no,medium,no
Vesuvio,vesuvio,,Short cuts,Spiral volcano-shaped pasta designed to hold sauce.,Campania (inspiration) / Modern revival,Unknown,https://www.foodandwine.com/the-sporkful-podcast-new-pasta-shape-7098456,short-cut,volcano cone; spiral walls; deep cavity,short,no,unknown,yes,no,medium,no
Zitelle,zitelle,,Short cuts,"Short shaped pasta; designed to hold sauce via curves, ridges, or cavities.",Unknown,Unknown,https://en.wikipedia.org/wiki/List_of_pasta,short-cut,short; shaped; ridges/cavities,short,no,yes,no,yes,medium,no
Ziti,ziti,zite,Long tubes,"Long straight hollow tubes, often broken for baking.",Campania,Unknown,https://en.wikipedia.org/wiki/List_of_pasta,tube,tube; long; straight; often broken before cooking,tube,yes,unknown,no,no,medium,no
Zitoni,zitoni,,Long tubes,Large ziti.,Campania,Unknown,https://en.wikipedia.org/wiki/List_of_pasta,tube,tube; long; large diameter; often baked,tube,yes,unknown,no,no,large,no
