ShapeName,Synonyms,Category,Description,CityOrRegionMostAssociated,EarliestAttestedMention,SourceLink,PrimaryGeometry,KeyDiscriminators
Acinelli,,Short cuts,"Short shaped pasta; designed to hold sauce via curves, ridges, or cavities.",Unknown,Unknown,https://en.wikipedia.org/wiki/List_of_pasta,short-cut,short; shaped; ridges/cavities
Acini,,Soup / pastina,Small pasta cut designed for soups and broths.,Unknown,Unknown,https://en.wikipedia.org/wiki/List_of_pasta,pastina,small; soup; quick-cooking
Acini di pepe,,Soup / pastina,Tiny bead-like pasta 'peppercorns'.,Italy (common),Unknown,https://en.wikipedia.org/wiki/List_of_pasta,pastina,tiny beads; soup
Agnolotti,,Filled,"Small stuffed pasta pockets, typically rectangular.",Piedmont,Unknown,https://en.wikipedia.org/wiki/List_of_pasta,filled,stuffed; small; rectangular; sealed edges
Agnolotti del plin,Agnolotti del plin (Langhe); Agnolotti del plin Langhe; plin,Filled,Pinched small agnolotti ('plin' = pinch).,Piedmont (Langhe/Monferrato),Unknown,https://en.wikipedia.org/wiki/List_of_pasta,filled,stuffed; pinched seal; small; rectangular
Agnolotti piemontesi,,Filled,Stuffed pasta parcel; regional variations in fold and filling.,Unknown,Unknown,https://en.wikipedia.org/wiki/List_of_pasta,filled,stuffed; sealed edges; fold varies
Alfabeto,,Soup / pastina,Small pasta cut designed for soups and broths.,Unknown,Unknown,https://en.wikipedia.org/wiki/List_of_pasta,pastina,small; soup; quick-cooking
Anelli siciliani,anelli,Rings,Large pasta rings used in Sicilian baked dishes.,Sicily,Unknown,https://en.wikipedia.org/wiki/List_of_pasta,ring,ring; medium-large; baked dishes common
Anellini,,Soup / pastina,Small rings used in soups and baked dishes.,Sicily,Unknown,https://en.wikipedia.org/wiki/List_of_pasta,pastina,small rings; soup/bake
Anellini lisci,,Rings,Ring-shaped pasta; size varies; used in soups and bakes.,Unknown,Unknown,https://en.wikipedia.org/wiki/List_of_pasta,ring,ring; circular; hole
Anellini rigati,,Rings,Ring-shaped pasta; size varies; used in soups and bakes.,Unknown,Unknown,https://en.wikipedia.org/wiki/List_of_pasta,ring,ring; circular; hole
Anelloni,,Rings,Ring-shaped pasta; size varies; used in soups and bakes.,Unknown,Unknown,https://en.wikipedia.org/wiki/List_of_pasta,ring,ring; circular; hole
Anelloni rigati,,Rings,Ring-shaped pasta; size varies; used in soups and bakes.,Unknown,Unknown,https://en.wikipedia.org/wiki/List_of_pasta,ring,ring; circular; hole
Anolini,,Filled,"Small filled rounds, often served in broth.",Emilia-Romagna (Parma/Piacenza),Unknown,https://en.wikipedia.org/wiki/List_of_pasta,filled,stuffed; round; small; broth serving
Anolini in brodo,,Filled,Stuffed pasta parcel; regional variations in fold and filling.,Unknown,Unknown,https://en.wikipedia.org/wiki/List_of_pasta,filled,stuffed; sealed edges; fold varies
Bavette,,Long ribbons,Narrow flat ribbons (between linguine and fettuccine).,Liguria,Unknown,https://en.wikipedia.org/wiki/List_of_pasta,ribbon,flat; narrow; long; ribbon
Bavettine,,Long ribbons,Long flat ribbons; width and edge style vary by type.,Unknown,Unknown,https://en.wikipedia.org/wiki/List_of_pasta,ribbon,flat; long; ribbon
Bigoli,bigoi,Long strands,"Thick spaghetti-like strands, traditionally made with a bigolaro press.",Veneto (Vicenza),Unknown,https://en.wikipedia.org/wiki/List_of_pasta,strand,solid; thick; extruded/pressed; rustic
Bigoli al torchio,,Long strands,Long strand pasta; thickness and cross-section vary by type.,Unknown,Unknown,https://en.wikipedia.org/wiki/List_of_pasta,strand,solid; long; round/varies
Bucatini,perciatelli,Long strands,Thick spaghetti-like strands with a central hole.,Lazio,Unknown,https://en.wikipedia.org/wiki/List_of_pasta,strand,hollow center; round cross-section; long; thick
Bucatini integrali,,Long strands,Long strand pasta; thickness and cross-section vary by type.,Unknown,Unknown,https://en.wikipedia.org/wiki/List_of_pasta,strand,hollow center; long; round
Bucatini rigati,,Long strands,Long strand pasta; thickness and cross-section vary by type.,Unknown,Unknown,https://en.wikipedia.org/wiki/List_of_pasta,strand,hollow center; long; round
Busiate,busiata trapanese; busiati,Short cuts,Long spiral tubes traditionally wrapped around a rod.,Sicily (Trapani),Unknown,https://en.wikipedia.org/wiki/List_of_pasta,short-cut,spiral tube; long-ish; rod-wrapped; hollow
Busiate trapanesi,,Short cuts,"Short shaped pasta; designed to hold sauce via curves, ridges, or cavities.",Unknown,Unknown,https://en.wikipedia.org/wiki/List_of_pasta,short-cut,short; shaped; ridges/cavities
Caccavelle,,Large tubes,Very large cupped tubes for stuffing.,Campania (Gragnano),Unknown,https://en.wikipedia.org/wiki/List_of_pasta,tube,very large cup-like tube; stuffing; baked
Calamarata,,Rings,Wide rings resembling calamari slices.,Campania,Unknown,https://en.wikipedia.org/wiki/List_of_pasta,ring,ring; wide; smooth; calamar-like
Campanelle,,Short cuts,Bell/flower shapes with ruffled edges.,Italy (modern),Unknown,https://en.wikipedia.org/wiki/List_of_pasta,short-cut,bell/trumpet; ruffled edge; hollow center
Campanelle rigate,,Rings,Ring-shaped pasta; size varies; used in soups and bakes.,Unknown,Unknown,https://en.wikipedia.org/wiki/List_of_pasta,ring,ring; circular; hole
Candele,,Short tubes,Short hollow tubes; ends may be straight or angled; ridges optional.,Unknown,Unknown,https://en.wikipedia.org/wiki/List_of_pasta,tube,tube; short; hollow
Candele spezzate,,Short tubes,Short hollow tubes; ends may be straight or angled; ridges optional.,Unknown,Unknown,https://en.wikipedia.org/wiki/List_of_pasta,tube,tube; short; hollow
Canederli (as pasta-like),,Dumpling-like,"Soft dumpling-style pasta (often potato, bread, or cheese based).",Unknown,Unknown,https://en.wikipedia.org/wiki/List_of_pasta,dumpling,dumpling; soft; formed pieces
Cannelloni,,Large tubes,Large smooth tubes meant for stuffing and baking.,Campania,Unknown,https://en.wikipedia.org/wiki/List_of_pasta,tube,large tube; smooth; designed for stuffing; baked
Canneroni,,Short tubes,Short hollow tubes; ends may be straight or angled; ridges optional.,Unknown,Unknown,https://en.wikipedia.org/wiki/List_of_pasta,tube,tube; short; hollow
Capelli di angelo,,Long strands,Long strand pasta; thickness and cross-section vary by type.,Unknown,Unknown,https://en.wikipedia.org/wiki/List_of_pasta,strand,solid; long; round/varies
Capellini,angel hair; angelhair; capelli d'angelo,Long strands,Very thin spaghetti-like strands (angel hair thickness).,Campania,Unknown,https://en.wikipedia.org/wiki/List_of_pasta,strand,solid; round cross-section; long; ultra-thin
Capellini spezzati,,Long strands,Long strand pasta; thickness and cross-section vary by type.,Unknown,Unknown,https://en.wikipedia.org/wiki/List_of_pasta,strand,solid; long; round/varies
Cappellacci,,Filled,"Larger 'hat' pasta, often filled with pumpkin.",Emilia-Romagna (Ferrara),Unknown,https://en.wikipedia.org/wiki/List_of_pasta,filled,stuffed; hat-like; large; pumpkin common
Cappellacci di zucca,,Filled,Stuffed pasta parcel; regional variations in fold and filling.,Unknown,Unknown,https://en.wikipedia.org/wiki/List_of_pasta,filled,stuffed; sealed edges; fold varies
Cappellacci ferraresi,,Filled,Stuffed pasta parcel; regional variations in fold and filling.,Unknown,Unknown,https://en.wikipedia.org/wiki/List_of_pasta,filled,stuffed; sealed edges; fold varies
Cappelletti,cappelletti romagnoli,Filled,Small 'little hat' stuffed pasta often served in broth.,Emilia-Romagna / Marche,Unknown,https://en.wikipedia.org/wiki/List_of_pasta,filled,stuffed; hat-like fold; small; often in broth
Cappelletti in brodo,,Filled,Stuffed pasta parcel; regional variations in fold and filling.,Unknown,Unknown,https://en.wikipedia.org/wiki/List_of_pasta,filled,stuffed; sealed edges; fold varies
Capunti,cappunti,Strascinati,"Elongated hollow scrolls, often ridged inside.",Puglia,Unknown,https://en.wikipedia.org/wiki/List_of_pasta,dragged,scroll shape; hollow; ridged interior; hand-pressed
Caramelle,,Filled,Candy-wrapped stuffed pasta (twisted ends).,Emilia-Romagna / Modern Italian,Unknown,https://en.wikipedia.org/wiki/List_of_pasta,filled,stuffed; wrapped ends; candy shape
Casarecce,,Short cuts,Short rolled tubes with an S-shaped cross-section.,Sicily,Unknown,https://en.wikipedia.org/wiki/List_of_pasta,short-cut,rolled; open seam; S-shaped cross-section; short
Casarecci,,Short cuts,"Short shaped pasta; designed to hold sauce via curves, ridges, or cavities.",Unknown,Unknown,https://en.wikipedia.org/wiki/List_of_pasta,short-cut,short; shaped; ridges/cavities
Casarecci rigati,,Short cuts,"Short shaped pasta; designed to hold sauce via curves, ridges, or cavities.",Unknown,Unknown,https://en.wikipedia.org/wiki/List_of_pasta,short-cut,short; shaped; ridges/cavities
Cascatelli,,Short cuts,Modern engineered shape optimized for sauce/forkability (non-traditional).,Modern (USA),2021-2023 (modern creation/launch),https://www.foodandwine.com/the-sporkful-podcast-new-pasta-shape-7098456,short-cut,engineered; ruffled ridge; trough; modern invention
Caserecce (variant),,Short cuts,"Short shaped pasta; designed to hold sauce via curves, ridges, or cavities.",Unknown,Unknown,https://en.wikipedia.org/wiki/List_of_pasta,short-cut,short; shaped; ridges/cavities
Casoncelli,casonsei,Filled,"Stuffed half-moon pasta, often with meat/cheese fillings.",Lombardy (Bergamo/Brescia),Unknown,https://en.wikipedia.org/wiki/List_of_pasta,filled,stuffed; half-moon; crimped edge
Casoncelli alla bergamasca,,Filled,Stuffed pasta parcel; regional variations in fold and filling.,Unknown,Unknown,https://en.wikipedia.org/wiki/List_of_pasta,filled,stuffed; sealed edges; fold varies
Cavatappi,cellentani; corkscrew pasta; corkscrews,Short cuts,Corkscrew pasta (name often used internationally).,Italy (modern),Unknown,https://en.wikipedia.org/wiki/List_of_pasta,short-cut,corkscrew; hollow tube; short
Cavatappi rigati,,Short cuts,"Short shaped pasta; designed to hold sauce via curves, ridges, or cavities.",Unknown,Unknown,https://en.wikipedia.org/wiki/List_of_pasta,short-cut,short; shaped; ridges/cavities
Cavatelli,cavati; cavateddi,Strascinati,"Small hollowed shells/boats, made by pressing and dragging dough.",Molise / Puglia / Basilicata,Unknown,https://en.wikipedia.org/wiki/List_of_pasta,dragged,small; hollow groove; hand-pressed; dragged
Cavatieddi,,Short cuts,"Short shaped pasta; designed to hold sauce via curves, ridges, or cavities.",Unknown,Unknown,https://en.wikipedia.org/wiki/List_of_pasta,short-cut,short; shaped; ridges/cavities
Cellentani,,Short cuts,Ridged corkscrew spirals (often similar to cavatappi).,Italy (modern),Unknown,https://en.wikipedia.org/wiki/List_of_pasta,short-cut,corkscrew; hollow tube; ridged
Cencioni,,Short cuts,"Short shaped pasta; designed to hold sauce via curves, ridges, or cavities.",Unknown,Unknown,https://en.wikipedia.org/wiki/List_of_pasta,short-cut,short; shaped; ridges/cavities
Cencioni ripieni,,Short cuts,"Short shaped pasta; designed to hold sauce via curves, ridges, or cavities.",Unknown,Unknown,https://en.wikipedia.org/wiki/List_of_pasta,short-cut,short; shaped; ridges/cavities
Chiocciole,,Short cuts,"Short shaped pasta; designed to hold sauce via curves, ridges, or cavities.",Unknown,Unknown,https://en.wikipedia.org/wiki/List_of_pasta,short-cut,short; shaped; ridges/cavities
Chiocciole rigate,,Short cuts,"Short shaped pasta; designed to hold sauce via curves, ridges, or cavities.",Unknown,Unknown,https://en.wikipedia.org/wiki/List_of_pasta,short-cut,short; shaped; ridges/cavities
Chitarrine,,Long strands,Long strand pasta; thickness and cross-section vary by type.,Unknown,Unknown,https://en.wikipedia.org/wiki/List_of_pasta,strand,square cross-section; long
Cicatielli,,Short cuts,"Short shaped pasta; designed to hold sauce via curves, ridges, or cavities.",Unknown,Unknown,https://en.wikipedia.org/wiki/List_of_pasta,short-cut,short; shaped; ridges/cavities
Cicatielli lucani,,Short cuts,"Short shaped pasta; designed to hold sauce via curves, ridges, or cavities.",Unknown,Unknown,https://en.wikipedia.org/wiki/List_of_pasta,short-cut,short; shaped; ridges/cavities
Cjarsons,cjarsòns,Filled,Friulian stuffed pasta with sweet-savory fillings.,Friuli-Venezia Giulia,Unknown,https://en.wikipedia.org/wiki/List_of_pasta,filled,stuffed; half-moon; sweet-savory filling tradition
Cjarsons di Carnia,,Filled,Stuffed pasta parcel; regional variations in fold and filling.,Unknown,Unknown,https://en.wikipedia.org/wiki/List_of_pasta,filled,stuffed; sealed edges; fold varies
Conchiglie,shell pasta; shells,Short cuts,Shell shapes; smooth or ridged.,Campania / Italy (common),Unknown,https://en.wikipedia.org/wiki/List_of_pasta,short-cut,shell; concave; ridged optional; short
Conchiglie rigate,,Short cuts,"Short shaped pasta; designed to hold sauce via curves, ridges, or cavities.",Unknown,Unknown,https://en.wikipedia.org/wiki/List_of_pasta,short-cut,short; shaped; ridges/cavities
Conchigliette,,Short cuts,"Short shaped pasta; designed to hold sauce via curves, ridges, or cavities.",Unknown,Unknown,https://en.wikipedia.org/wiki/List_of_pasta,short-cut,short; shaped; ridges/cavities
Conchigliette rigate,,Short cuts,"Short shaped pasta; designed to hold sauce via curves, ridges, or cavities.",Unknown,Unknown,https://en.wikipedia.org/wiki/List_of_pasta,short-cut,short; shaped; ridges/cavities
Conchiglioni,jumbo shells,Short cuts,Large shells for stuffing.,Campania,Unknown,https://en.wikipedia.org/wiki/List_of_pasta,short-cut,shell; large; stuffing-friendly; concave
Conchiglioni rigati,,Short cuts,"Short shaped pasta; designed to hold sauce via curves, ridges, or cavities.",Unknown,Unknown,https://en.wikipedia.org/wiki/List_of_pasta,short-cut,short; shaped; ridges/cavities
Corallini,,Soup / pastina,Small pasta cut designed for soups and broths.,Unknown,Unknown,https://en.wikipedia.org/wiki/List_of_pasta,pastina,small; soup; quick-cooking
Corallini rigati,,Soup / pastina,Small pasta cut designed for soups and broths.,Unknown,Unknown,https://en.wikipedia.org/wiki/List_of_pasta,pastina,small; soup; quick-cooking
Corzetti,croxetti,Short cuts,Stamped round/oval discs with decorative patterns.,Liguria (Genoa),Unknown,https://en.wikipedia.org/wiki/List_of_pasta,short-cut,stamped discs; decorative imprint; round/oval
Creste,,Short cuts,"Short shaped pasta; designed to hold sauce via curves, ridges, or cavities.",Unknown,Unknown,https://en.wikipedia.org/wiki/List_of_pasta,short-cut,short; shaped; ridges/cavities
Creste di gallo,,Short cuts,Rooster-comb shaped pasta.,Campania / Italy (common),Unknown,https://en.wikipedia.org/wiki/List_of_pasta,short-cut,comb/crest; ruffled ridge; curved
Creste rigate,,Short cuts,"Short shaped pasta; designed to hold sauce via curves, ridges, or cavities.",Unknown,Unknown,https://en.wikipedia.org/wiki/List_of_pasta,short-cut,short; shaped; ridges/cavities
Culurgiones,,Filled,Sardinian sealed stuffed pasta (often potato/cheese/mint).,Sardinia (Ogliastra),Unknown,https://en.wikipedia.org/wiki/List_of_pasta,filled,stuffed; sealed braid-like closure; potato-based filling
Culurgiones d'Ogliastra,,Filled,Stuffed pasta parcel; regional variations in fold and filling.,Unknown,Unknown,https://en.wikipedia.org/wiki/List_of_pasta,filled,stuffed; sealed edges; fold varies
Cuoricini,,Soup / pastina,Small pasta cut designed for soups and broths.,Unknown,Unknown,https://en.wikipedia.org/wiki/List_of_pasta,pastina,small; soup; quick-cooking
Ditali,,Short tubes,Short hollow tubes; ends may be straight or angled; ridges optional.,Unknown,Unknown,https://en.wikipedia.org/wiki/List_of_pasta,tube,tube; short; hollow
Ditalini,ditali; thimbles,Short tubes,"Very short tubes ('little thimbles'), often for soups.",Sicily / Italy (common),Unknown,https://en.wikipedia.org/wiki/List_of_pasta,tube,tube; very short; soup-friendly
Ditalini rigati,,Short tubes,Short hollow tubes; ends may be straight or angled; ridges optional.,Unknown,Unknown,https://en.wikipedia.org/wiki/List_of_pasta,tube,tube; straight cut; ridged
Ditaloni,,Short tubes,Short hollow tubes; ends may be straight or angled; ridges optional.,Unknown,Unknown,https://en.wikipedia.org/wiki/List_of_pasta,tube,tube; short; hollow
Eliche,,Short cuts,"Short shaped pasta; designed to hold sauce via curves, ridges, or cavities.",Unknown,Unknown,https://en.wikipedia.org/wiki/List_of_pasta,short-cut,short; shaped; ridges/cavities
Eliche tricolore,,Short cuts,"Short shaped pasta; designed to hold sauce via curves, ridges, or cavities.",Unknown,Unknown,https://en.wikipedia.org/wiki/List_of_pasta,short-cut,short; shaped; ridges/cavities
Elicoidali,,Short tubes,Medium short spiral-grooved tubes.,Italy (common),Unknown,https://en.wikipedia.org/wiki/List_of_pasta,tube,tube; short; spiral grooves; ridged look
Elicoidali rigati,,Short cuts,"Short shaped pasta; designed to hold sauce via curves, ridges, or cavities.",Unknown,Unknown,https://en.wikipedia.org/wiki/List_of_pasta,short-cut,short; shaped; ridges/cavities
Fagottini,,Filled,Small pouch-shaped stuffed pasta.,Northern Italy / Modern Italian,Unknown,https://en.wikipedia.org/wiki/List_of_pasta,filled,stuffed; pouch; gathered top
Farfalle,bow tie pasta; bow-ties; bowties; farfalline (small),Short cuts,Bow-tie/butterfly shapes.,Lombardy / Northern Italy,Unknown,https://en.wikipedia.org/wiki/List_of_pasta,short-cut,pinched center; bow-tie; two wings
Farfalle rigate,,Short cuts,"Short shaped pasta; designed to hold sauce via curves, ridges, or cavities.",Unknown,Unknown,https://en.wikipedia.org/wiki/List_of_pasta,short-cut,short; shaped; ridges/cavities
Farfallette,,Short cuts,"Short shaped pasta; designed to hold sauce via curves, ridges, or cavities.",Unknown,Unknown,https://en.wikipedia.org/wiki/List_of_pasta,short-cut,short; shaped; ridges/cavities
Farfallini,,Short cuts,"Short shaped pasta; designed to hold sauce via curves, ridges, or cavities.",Unknown,Unknown,https://en.wikipedia.org/wiki/List_of_pasta,short-cut,short; shaped; ridges/cavities
Fazzoletti,fazzoletti di seta,Sheets,Handkerchief-sized pasta sheets.,Emilia-Romagna / Tuscany,Unknown,https://en.wikipedia.org/wiki/List_of_pasta,sheet,sheet; square; handkerchief-sized; delicate
Fazzoletti liguri,,Sheets,Flat pasta sheets or sheet-like pieces for layering or saucing.,Unknown,Unknown,https://en.wikipedia.org/wiki/List_of_pasta,sheet,flat; sheet; wide surface
Fedelini,,Long strands,"Very thin long strands, between capellini and spaghetti.",Liguria / Campania,Unknown,https://en.wikipedia.org/wiki/List_of_pasta,strand,solid; round cross-section; long; very thin
Ferretti,maccheroni al ferretto; maccarruni,Strascinati,Rod-rolled short tubes/spirals made around a metal rod.,Southern Italy (Basilicata/Calabria),Unknown,https://en.wikipedia.org/wiki/List_of_pasta,dragged,rod-rolled; hollow; short; spiral or straight
Fettuccine,,Long ribbons,"Flat egg ribbons, slightly wider than tagliatelle.",Lazio (Rome),Unknown,https://en.wikipedia.org/wiki/List_of_pasta,ribbon,flat; medium-wide; long; egg pasta
Fettuccine all'uovo,,Long ribbons,Long flat ribbons; width and edge style vary by type.,Unknown,Unknown,https://en.wikipedia.org/wiki/List_of_pasta,ribbon,flat; long; ribbon
Fideos (Italian-style),,Short cuts,"Short shaped pasta; designed to hold sauce via curves, ridges, or cavities.",Unknown,Unknown,https://en.wikipedia.org/wiki/List_of_pasta,short-cut,short; shaped; ridges/cavities
Fileja,,Strascinati,Calabrian spiral pasta wrapped around a rod (ferretto).,Calabria,Unknown,https://en.wikipedia.org/wiki/List_of_pasta,dragged,rod-wrapped; spiral tube; short; hollow
Fileja calabrese,,Short cuts,"Short shaped pasta; designed to hold sauce via curves, ridges, or cavities.",Unknown,Unknown,https://en.wikipedia.org/wiki/List_of_pasta,short-cut,short; shaped; ridges/cavities
Filindeu,,Soup / pastina,Small pasta cut designed for soups and broths.,Unknown,Unknown,https://en.wikipedia.org/wiki/List_of_pasta,pastina,small; soup; quick-cooking
Filini,,Soup / pastina,Small pasta cut designed for soups and broths.,Unknown,Unknown,https://en.wikipedia.org/wiki/List_of_pasta,pastina,small; soup; quick-cooking
Filini all'uovo,,Soup / pastina,Small pasta cut designed for soups and broths.,Unknown,Unknown,https://en.wikipedia.org/wiki/List_of_pasta,pastina,small; soup; quick-cooking
Fiocchetti,,Short cuts,"Short shaped pasta; designed to hold sauce via curves, ridges, or cavities.",Unknown,Unknown,https://en.wikipedia.org/wiki/List_of_pasta,short-cut,short; shaped; ridges/cavities
Fiocchi,,Short cuts,"Short shaped pasta; designed to hold sauce via curves, ridges, or cavities.",Unknown,Unknown,https://en.wikipedia.org/wiki/List_of_pasta,short-cut,short; shaped; ridges/cavities
Fiori,,Short cuts,Flower-shaped pasta.,Italy (modern),Unknown,https://en.wikipedia.org/wiki/List_of_pasta,short-cut,flower; ruffled petals; sauce-catching
Fiori rigati,,Short cuts,"Short shaped pasta; designed to hold sauce via curves, ridges, or cavities.",Unknown,Unknown,https://en.wikipedia.org/wiki/List_of_pasta,short-cut,short; shaped; ridges/cavities
Foglie d'ulivo,olive leaf pasta,Short cuts,"Leaf-shaped pasta, often green/white two-tone.",Puglia,Unknown,https://en.wikipedia.org/wiki/List_of_pasta,short-cut,leaf shape; often two-tone; short
Fregola,fregula; fregola sarda,Soup / pastina,Toasted semolina pearls/couscous-like pasta.,Sardinia,Unknown,https://en.wikipedia.org/wiki/List_of_pasta,pastina,toasted pearls; couscous-like; irregular spheres
Fregula,,Soup / pastina,Small pasta cut designed for soups and broths.,Unknown,Unknown,https://en.wikipedia.org/wiki/List_of_pasta,pastina,small; soup; quick-cooking
Fregula tostata,,Soup / pastina,Small pasta cut designed for soups and broths.,Unknown,Unknown,https://en.wikipedia.org/wiki/List_of_pasta,pastina,small; soup; quick-cooking
Fusilli,fusilli napoletani; fusilli calabresi,Short cuts,Spiral/corkscrew pasta (varies by region).,Southern Italy,Unknown,https://en.wikipedia.org/wiki/List_of_pasta,short-cut,twist/spiral; short; solid; corkscrew
Fusilli bucati,,Short cuts,"Short shaped pasta; designed to hold sauce via curves, ridges, or cavities.",Unknown,Unknown,https://en.wikipedia.org/wiki/List_of_pasta,short-cut,short; shaped; ridges/cavities
Fusilli bucati corti,,Short cuts,"Short shaped pasta; designed to hold sauce via curves, ridges, or cavities.",Unknown,Unknown,https://en.wikipedia.org/wiki/List_of_pasta,short-cut,short; shaped; ridges/cavities
Fusilli giganti,,Short cuts,"Short shaped pasta; designed to hold sauce via curves, ridges, or cavities.",Unknown,Unknown,https://en.wikipedia.org/wiki/List_of_pasta,short-cut,short; shaped; ridges/cavities
Fusilli lunghi,,Short cuts,"Short shaped pasta; designed to hold sauce via curves, ridges, or cavities.",Unknown,Unknown,https://en.wikipedia.org/wiki/List_of_pasta,short-cut,short; shaped; ridges/cavities
Fusillini,,Short cuts,"Short shaped pasta; designed to hold sauce via curves, ridges, or cavities.",Unknown,Unknown,https://en.wikipedia.org/wiki/List_of_pasta,short-cut,short; shaped; ridges/cavities
Galletti,,Short cuts,"Short shaped pasta; designed to hold sauce via curves, ridges, or cavities.",Unknown,Unknown,https://en.wikipedia.org/wiki/List_of_pasta,short-cut,short; shaped; ridges/cavities
Gallettini,,Short cuts,"Short shaped pasta; designed to hold sauce via curves, ridges, or cavities.",Unknown,Unknown,https://en.wikipedia.org/wiki/List_of_pasta,short-cut,short; shaped; ridges/cavities
Garganelli,,Short tubes,Ridged quill-like tubes formed from squares rolled on a stick.,Emilia-Romagna,Unknown,https://en.wikipedia.org/wiki/List_of_pasta,tube,tube; ridged; seam visible; quill shape
Garganelli rigati,,Rings,Ring-shaped pasta; size varies; used in soups and bakes.,Unknown,Unknown,https://en.wikipedia.org/wiki/List_of_pasta,ring,ring; circular; hole
Gemelli,,Short cuts,Twisted 'twin' pasta made from a single strand folded and twisted.,Italy (common),Unknown,https://en.wikipedia.org/wiki/List_of_pasta,short-cut,twisted pair look; actually single strand; short
Gigli,,Short cuts,"Short shaped pasta; designed to hold sauce via curves, ridges, or cavities.",Unknown,Unknown,https://en.wikipedia.org/wiki/List_of_pasta,short-cut,short; shaped; ridges/cavities
Gigli rigati,,Short cuts,"Short shaped pasta; designed to hold sauce via curves, ridges, or cavities.",Unknown,Unknown,https://en.wikipedia.org/wiki/List_of_pasta,short-cut,short; shaped; ridges/cavities
Gnocchetti,,Dumpling-like,"Soft dumpling-style pasta (often potato, bread, or cheese based).",Unknown,Unknown,https://en.wikipedia.org/wiki/List_of_pasta,dumpling,dumpling; soft; formed pieces
Gnocchetti di castagne,,Dumpling-like,"Soft dumpling-style pasta (often potato, bread, or cheese based).",Unknown,Unknown,https://en.wikipedia.org/wiki/List_of_pasta,dumpling,dumpling; soft; formed pieces
Gnocchetti sardi,,Dumpling-like,"Soft dumpling-style pasta (often potato, bread, or cheese based).",Unknown,Unknown,https://en.wikipedia.org/wiki/List_of_pasta,dumpling,dumpling; soft; formed pieces
Gnocchi,,Dumpling-like,Soft dumplings (often potato-based) served like pasta.,Northern Italy (widespread),Unknown,https://en.wikipedia.org/wiki/List_of_pasta,dumpling,dumpling; soft; often potato; ridges optional
Gnocchi alla romana,,Dumpling-like,"Soft dumpling-style pasta (often potato, bread, or cheese based).",Unknown,Unknown,https://en.wikipedia.org/wiki/List_of_pasta,dumpling,dumpling; soft; formed pieces
Gnocchi di semolino,,Dumpling-like,"Soft dumpling-style pasta (often potato, bread, or cheese based).",Unknown,Unknown,https://en.wikipedia.org/wiki/List_of_pasta,dumpling,dumpling; soft; formed pieces
Gomiti,elbows; macaroni,Short tubes,Elbow macaroni.,Italy (common),Unknown,https://en.wikipedia.org/wiki/List_of_pasta,tube,tube; elbow bend; short; smooth or ridged
Gramigna,,Short tubes,"Short curved hollow tubes, often served with sausage ragù.",Emilia-Romagna,Unknown,https://en.wikipedia.org/wiki/List_of_pasta,tube,tube; short; curved; hollow
Grattini,,Soup / pastina,Small pasta cut designed for soups and broths.,Unknown,Unknown,https://en.wikipedia.org/wiki/List_of_pasta,pastina,small; soup; quick-cooking
Grattini all'uovo,,Soup / pastina,Small pasta cut designed for soups and broths.,Unknown,Unknown,https://en.wikipedia.org/wiki/List_of_pasta,pastina,small; soup; quick-cooking
Laganari,lagane,Sheets,Rustic wide sheets/strips (often for baked dishes).,Southern Italy,Unknown,https://en.wikipedia.org/wiki/List_of_pasta,sheet,sheet/strip; rustic; wide; hand-cut
Lagane,,Sheets,Flat pasta sheets or sheet-like pieces for layering or saucing.,Unknown,Unknown,https://en.wikipedia.org/wiki/List_of_pasta,sheet,flat; sheet; wide surface
Laganella,,Sheets,Flat pasta sheets or sheet-like pieces for layering or saucing.,Unknown,Unknown,https://en.wikipedia.org/wiki/List_of_pasta,sheet,flat; sheet; wide surface
Laghetti,,Short cuts,"Short shaped pasta; designed to hold sauce via curves, ridges, or cavities.",Unknown,Unknown,https://en.wikipedia.org/wiki/List_of_pasta,short-cut,short; shaped; ridges/cavities
Lasagna napoletana (sheets),,Sheets,Flat pasta sheets or sheet-like pieces for layering or saucing.,Unknown,Unknown,https://en.wikipedia.org/wiki/List_of_pasta,sheet,flat; sheet; wide surface
Lasagna riccia,,Sheets,Flat pasta sheets or sheet-like pieces for layering or saucing.,Unknown,Unknown,https://en.wikipedia.org/wiki/List_of_pasta,sheet,flat; sheet; wide surface
Lasagne,lasagna (sing. in some usage),Sheets,Flat pasta sheets for layered bakes.,Emilia-Romagna (Bologna),1282 written reference (Memoriali Bolognesi ballad); early 14th c recipe in Liber de Coquina,https://en.wikipedia.org/wiki/Lasagna,sheet,flat sheet; wide; layered bake use
Lasagnette,,Sheets,Narrower lasagne sheets or strips.,Emilia-Romagna,Unknown,https://en.wikipedia.org/wiki/List_of_pasta,sheet,flat sheet; narrower strips
Lasagnette ricce,,Sheets,Flat pasta sheets or sheet-like pieces for layering or saucing.,Unknown,Unknown,https://en.wikipedia.org/wiki/List_of_pasta,sheet,flat; sheet; wide surface
Lasagnoni,,Sheets,Flat pasta sheets or sheet-like pieces for layering or saucing.,Unknown,Unknown,https://en.wikipedia.org/wiki/List_of_pasta,sheet,flat; sheet; wide surface
Linguettine,,Short cuts,"Short shaped pasta; designed to hold sauce via curves, ridges, or cavities.",Unknown,Unknown,https://en.wikipedia.org/wiki/List_of_pasta,short-cut,short; shaped; ridges/cavities
Linguine,,Long ribbons,Long narrow flat ribbons (elliptical cross-section).,Liguria,Unknown,https://en.wikipedia.org/wiki/List_of_pasta,ribbon,flat; narrow; long; slight oval cross-section
Lorighittas,Lorighittas (rings); Lorighittas rings,Strascinati,Braided ring pasta made by twisting strands into loops.,Sardinia (Morgongiori),Unknown,https://en.wikipedia.org/wiki/List_of_pasta,dragged,braided strands; ring; hand-twisted
Lorighittas di Morgongiori,,Short cuts,"Short shaped pasta; designed to hold sauce via curves, ridges, or cavities.",Unknown,Unknown,https://en.wikipedia.org/wiki/List_of_pasta,short-cut,short; shaped; ridges/cavities
Lumache,lumaconi (large),Short cuts,Snail-shell spirals with a large cavity.,Campania / Italy (common),Unknown,https://en.wikipedia.org/wiki/List_of_pasta,short-cut,snail-like curl; large cavity; thick
Lumachine,,Short cuts,"Short shaped pasta; designed to hold sauce via curves, ridges, or cavities.",Unknown,Unknown,https://en.wikipedia.org/wiki/List_of_pasta,short-cut,short; shaped; ridges/cavities
Lumaconi,,Short cuts,Large lumache.,Italy (common),Unknown,https://en.wikipedia.org/wiki/List_of_pasta,short-cut,snail-like; large; stuffing-friendly
Maccaronara,,Short cuts,"Short shaped pasta; designed to hold sauce via curves, ridges, or cavities.",Unknown,Unknown,https://en.wikipedia.org/wiki/List_of_pasta,short-cut,short; shaped; ridges/cavities
Maccarones de busa,,Short cuts,"Short shaped pasta; designed to hold sauce via curves, ridges, or cavities.",Unknown,Unknown,https://en.wikipedia.org/wiki/List_of_pasta,short-cut,short; shaped; ridges/cavities
Maccaruni i casa,,Short cuts,"Short shaped pasta; designed to hold sauce via curves, ridges, or cavities.",Unknown,Unknown,https://en.wikipedia.org/wiki/List_of_pasta,short-cut,short; shaped; ridges/cavities
Maccheroncini,,Short tubes,Short hollow tubes; ends may be straight or angled; ridges optional.,Unknown,Unknown,https://en.wikipedia.org/wiki/List_of_pasta,tube,tube; short; hollow
Maccheroni,Macaroni,Short tubes,Short hollow tubes; ends may be straight or angled; ridges optional.,Unknown,Unknown,https://en.wikipedia.org/wiki/List_of_pasta,tube,tube; short; hollow
Maccheroni al pettine,,Short tubes,Short hollow tubes; ends may be straight or angled; ridges optional.,Unknown,Unknown,https://en.wikipedia.org/wiki/List_of_pasta,tube,tube; short; hollow
Maccheroni alla molinara,,Short tubes,Short hollow tubes; ends may be straight or angled; ridges optional.,Unknown,Unknown,https://en.wikipedia.org/wiki/List_of_pasta,tube,tube; short; hollow
Maccheroni calabresi,,Short tubes,Short hollow tubes; ends may be straight or angled; ridges optional.,Unknown,Unknown,https://en.wikipedia.org/wiki/List_of_pasta,tube,tube; short; hollow
Maccheroni rigati,,Short tubes,Short hollow tubes; ends may be straight or angled; ridges optional.,Unknown,Unknown,https://en.wikipedia.org/wiki/List_of_pasta,tube,tube; straight cut; ridged
Mafaldine,reginette; mafalde,Long ribbons,Long flat ribbons with ruffled edges on both sides.,Campania,Unknown,https://en.wikipedia.org/wiki/List_of_pasta,ribbon,flat; long; ruffled edges; ribbon
Mafaldine corte,,Long ribbons,Long flat ribbons; width and edge style vary by type.,Unknown,Unknown,https://en.wikipedia.org/wiki/List_of_pasta,ribbon,flat; long; ruffled edge
Malfatti,,Dumpling-like,"Soft dumpling-style pasta (often potato, bread, or cheese based).",Unknown,Unknown,https://en.wikipedia.org/wiki/List_of_pasta,dumpling,dumpling; soft; formed pieces
Malloreddus,gnocchetti sardi,Strascinati,Sardinian small ridged shells often with saffron.,Sardinia,Unknown,https://en.wikipedia.org/wiki/List_of_pasta,dragged,small; ridged; shell-like; often saffron
Malloreddus campidanesi,,Short cuts,"Short shaped pasta; designed to hold sauce via curves, ridges, or cavities.",Unknown,Unknown,https://en.wikipedia.org/wiki/List_of_pasta,short-cut,short; shaped; ridges/cavities
Maltagliati,,Short cuts,Irregular 'badly cut' pasta scraps.,Emilia-Romagna,Unknown,https://en.wikipedia.org/wiki/List_of_pasta,short-cut,irregular shapes; scrap cuts; varied size
Mandilli,,Sheets,Flat pasta sheets or sheet-like pieces for layering or saucing.,Unknown,Unknown,https://en.wikipedia.org/wiki/List_of_pasta,sheet,flat; sheet; wide surface
Mandilli de sea,,Sheets,Flat pasta sheets or sheet-like pieces for layering or saucing.,Unknown,Unknown,https://en.wikipedia.org/wiki/List_of_pasta,sheet,flat; sheet; wide surface
Manicotti,,Large tubes,Large tube pasta for stuffing (Italian-American usage overlaps cannelloni).,Campania / Italian-American,Unknown,https://en.wikipedia.org/wiki/List_of_pasta,tube,large tube; smooth; stuffed; baked
Margherite,,Soup / pastina,Small pasta cut designed for soups and broths.,Unknown,Unknown,https://en.wikipedia.org/wiki/List_of_pasta,pastina,small; soup; quick-cooking
Marubini,,Filled,"Small filled pasta (like tiny tortelli), often in broth.",Lombardy (Cremona),Unknown,https://en.wikipedia.org/wiki/List_of_pasta,filled,stuffed; small; tortelli-like; broth serving
Marubini cremonesi,,Short cuts,"Short shaped pasta; designed to hold sauce via curves, ridges, or cavities.",Unknown,Unknown,https://en.wikipedia.org/wiki/List_of_pasta,short-cut,short; shaped; ridges/cavities
Mezze maniche,,Short tubes,"Shorter 'half-sleeve' tubes, often ridged.",Lazio,Unknown,https://en.wikipedia.org/wiki/List_of_pasta,tube,tube; medium-large; short; often ridged
Mezzelune,,Filled,Half-moon stuffed pasta.,Northern Italy,Unknown,https://en.wikipedia.org/wiki/List_of_pasta,filled,stuffed; half-moon; crimped edge
Mezzelune ripiene,,Short cuts,"Short shaped pasta; designed to hold sauce via curves, ridges, or cavities.",Unknown,Unknown,https://en.wikipedia.org/wiki/List_of_pasta,short-cut,short; shaped; ridges/cavities
Mezzi rigatoni,,Short tubes,Short hollow tubes; ends may be straight or angled; ridges optional.,Unknown,Unknown,https://en.wikipedia.org/wiki/List_of_pasta,tube,tube; straight cut; ridged
Minchiareddhri,,Short cuts,"Short shaped pasta; designed to hold sauce via curves, ridges, or cavities.",Unknown,Unknown,https://en.wikipedia.org/wiki/List_of_pasta,short-cut,short; shaped; ridges/cavities
Minchiareddi,,Short cuts,"Short shaped pasta; designed to hold sauce via curves, ridges, or cavities.",Unknown,Unknown,https://en.wikipedia.org/wiki/List_of_pasta,short-cut,short; shaped; ridges/cavities
Mostaccioli,,Short tubes,Short hollow tubes; ends may be straight or angled; ridges optional.,Unknown,Unknown,https://en.wikipedia.org/wiki/List_of_pasta,tube,tube; short; hollow
Mostaccioli rigati,,Short tubes,Short hollow tubes; ends may be straight or angled; ridges optional.,Unknown,Unknown,https://en.wikipedia.org/wiki/List_of_pasta,tube,tube; straight cut; ridged
Nodi,,Short cuts,"Short shaped pasta; designed to hold sauce via curves, ridges, or cavities.",Unknown,Unknown,https://en.wikipedia.org/wiki/List_of_pasta,short-cut,short; shaped; ridges/cavities
Nodi marini,,Short cuts,"Short shaped pasta; designed to hold sauce via curves, ridges, or cavities.",Unknown,Unknown,https://en.wikipedia.org/wiki/List_of_pasta,short-cut,short; shaped; ridges/cavities
Occhi di pernice,,Soup / pastina,Small pasta cut designed for soups and broths.,Unknown,Unknown,https://en.wikipedia.org/wiki/List_of_pasta,pastina,small; soup; quick-cooking
Orecchiette,,Strascinati,"Small concave 'little ear' discs, dragged from dough.",Puglia (and Basilicata),12th-13th c reported popularity in Puglia (attested in secondary historical discussions),https://www.the-pasta-project.com/orecchiette-pasta/,dragged,concave disc; single cavity; hand-dragged
Orecchiette integrali,,Short cuts,"Short shaped pasta; designed to hold sauce via curves, ridges, or cavities.",Unknown,Unknown,https://en.wikipedia.org/wiki/List_of_pasta,short-cut,short; shaped; ridges/cavities
Orecchiette rigate,,Short cuts,"Short shaped pasta; designed to hold sauce via curves, ridges, or cavities.",Unknown,Unknown,https://en.wikipedia.org/wiki/List_of_pasta,short-cut,short; shaped; ridges/cavities
Orzo,orzo pasta; risone; risoni,Soup / pastina,Rice-shaped pasta grains.,Italy (common),Unknown,https://en.wikipedia.org/wiki/List_of_pasta,pastina,rice-shaped grains; soup/salad
Paccheri,,Large tubes,"Very large short tubes, often from Campania.",Campania (Naples/Gragnano),Unknown,https://en.wikipedia.org/wiki/List_of_pasta,tube,tube; very large; short; wide opening
Pansoti,,Filled,Stuffed pasta parcel; regional variations in fold and filling.,Unknown,Unknown,https://en.wikipedia.org/wiki/List_of_pasta,filled,stuffed; sealed edges; fold varies
Pansotti,,Filled,"Triangular stuffed pasta, often with wild greens (preboggion).",Liguria,Unknown,https://en.wikipedia.org/wiki/List_of_pasta,filled,stuffed; triangular; greens filling common
Pansotti di borragine,,Filled,Stuffed pasta parcel; regional variations in fold and filling.,Unknown,Unknown,https://en.wikipedia.org/wiki/List_of_pasta,filled,stuffed; sealed edges; fold varies
Pappardelle,,Long ribbons,Very wide flat ribbons.,Tuscany,Unknown,https://en.wikipedia.org/wiki/List_of_pasta,ribbon,flat; very wide; long; egg pasta
Pappardelle all'uovo,,Long ribbons,Long flat ribbons; width and edge style vary by type.,Unknown,Unknown,https://en.wikipedia.org/wiki/List_of_pasta,ribbon,flat; long; ribbon
Passatelli,,Dumpling-like,Bread/cheese-egg dough pressed into thick noodles for broth.,Emilia-Romagna,Unknown,https://en.wikipedia.org/wiki/List_of_pasta,dumpling,pressed through ricer; thick strands; broth serving
Pasta mista,,Soup / pastina,Mixed broken pasta shapes (Neapolitan tradition).,Campania (Naples),Unknown,https://en.wikipedia.org/wiki/List_of_pasta,pastina,mixed cuts; broken pieces; soup/stew
Patacucci,,Short cuts,"Short shaped pasta; designed to hold sauce via curves, ridges, or cavities.",Unknown,Unknown,https://en.wikipedia.org/wiki/List_of_pasta,short-cut,short; shaped; ridges/cavities
Penne,penne rigate,Short tubes,Short diagonal-cut tubes; smooth or ridged.,Liguria / Campania,Unknown,https://en.wikipedia.org/wiki/List_of_pasta,tube,tube; diagonal cut; short; optional ridges
Penne a candela (broken),,Short tubes,Short hollow tubes; ends may be straight or angled; ridges optional.,Unknown,Unknown,https://en.wikipedia.org/wiki/List_of_pasta,tube,tube; diagonal cut; ridged optional
Penne lisce,,Short tubes,Short hollow tubes; ends may be straight or angled; ridges optional.,Unknown,Unknown,https://en.wikipedia.org/wiki/List_of_pasta,tube,tube; diagonal cut; ridged optional
Penne ziti rigate,,Short tubes,Short hollow tubes; ends may be straight or angled; ridges optional.,Unknown,Unknown,https://en.wikipedia.org/wiki/List_of_pasta,tube,tube; diagonal cut; ridged optional
Pennette,,Short tubes,Smaller penne.,Italy (common),Unknown,https://en.wikipedia.org/wiki/List_of_pasta,tube,tube; diagonal cut; small; optional ridges
Pennoni,,Short tubes,Larger penne.,Italy (common),Unknown,https://en.wikipedia.org/wiki/List_of_pasta,tube,tube; diagonal cut; large; optional ridges
Perciatelli,,Short cuts,"Short shaped pasta; designed to hold sauce via curves, ridges, or cavities.",Unknown,Unknown,https://en.wikipedia.org/wiki/List_of_pasta,short-cut,short; shaped; ridges/cavities
Perlina,,Soup / pastina,Small pasta cut designed for soups and broths.,Unknown,Unknown,https://en.wikipedia.org/wiki/List_of_pasta,pastina,small; soup; quick-cooking
Perline,,Soup / pastina,Small pasta cut designed for soups and broths.,Unknown,Unknown,https://en.wikipedia.org/wiki/List_of_pasta,pastina,small; soup; quick-cooking
Pici,,Long strands,Thick hand-rolled spaghetti-like strands.,Tuscany (Siena),Unknown,https://en.wikipedia.org/wiki/List_of_pasta,strand,solid; thick; hand-rolled; rustic
Pici all'aglione (strand),,Long strands,Long strand pasta; thickness and cross-section vary by type.,Unknown,Unknown,https://en.wikipedia.org/wiki/List_of_pasta,strand,solid; long; round/varies
Pici senesi,,Long strands,Long strand pasta; thickness and cross-section vary by type.,Unknown,Unknown,https://en.wikipedia.org/wiki/List_of_pasta,strand,solid; long; round/varies
Pipe,,Short cuts,"Short shaped pasta; designed to hold sauce via curves, ridges, or cavities.",Unknown,Unknown,https://en.wikipedia.org/wiki/List_of_pasta,short-cut,short; shaped; ridges/cavities
Pipe lisce,,Short cuts,"Short shaped pasta; designed to hold sauce via curves, ridges, or cavities.",Unknown,Unknown,https://en.wikipedia.org/wiki/List_of_pasta,short-cut,short; shaped; ridges/cavities
Pipe rigate,,Short tubes,Curved ridged tubes with wider opening.,Italy (common),Unknown,https://en.wikipedia.org/wiki/List_of_pasta,tube,tube; curved; ridged; flared mouth
Pizzoccheri,,Long ribbons,Short flat buckwheat ribbons.,Lombardy (Valtellina),Unknown,https://en.wikipedia.org/wiki/List_of_pasta,ribbon,flat; buckwheat; short ribbons
Puntine,,Soup / pastina,Small pasta cut designed for soups and broths.,Unknown,Unknown,https://en.wikipedia.org/wiki/List_of_pasta,pastina,small; soup; quick-cooking
Puntine rigate,,Soup / pastina,Small pasta cut designed for soups and broths.,Unknown,Unknown,https://en.wikipedia.org/wiki/List_of_pasta,pastina,small; soup; quick-cooking
Quadrettini,,Short cuts,"Short shaped pasta; designed to hold sauce via curves, ridges, or cavities.",Unknown,Unknown,https://en.wikipedia.org/wiki/List_of_pasta,short-cut,short; shaped; ridges/cavities
Quadrettini all'uovo,,Short cuts,"Short shaped pasta; designed to hold sauce via curves, ridges, or cavities.",Unknown,Unknown,https://en.wikipedia.org/wiki/List_of_pasta,short-cut,short; shaped; ridges/cavities
Quadrucci,,Soup / pastina,Small square egg pasta pieces for broth.,Emilia-Romagna / Marche,Unknown,https://en.wikipedia.org/wiki/List_of_pasta,pastina,tiny squares; egg pasta; soup
Quattrotini,cinque buchi (related name),Short cuts,Four connected mini-tubes (rare traditional shape).,Sicily,Unknown,https://www.foodandwine.com/the-sporkful-podcast-new-pasta-shape-7098456,short-cut,clustered tubes; multi-hole; small; sauce-trapping
Radiatori,,Short cuts,Compact ridged shapes resembling radiators.,Italy (modern),Unknown,https://en.wikipedia.org/wiki/List_of_pasta,short-cut,compact; deep ridges; sauce-grabbing
Radiatorini,,Short cuts,"Short shaped pasta; designed to hold sauce via curves, ridges, or cavities.",Unknown,Unknown,https://en.wikipedia.org/wiki/List_of_pasta,short-cut,short; shaped; ridges/cavities
Ravioli,raviolo (sing.); raviolini (small),Filled,Square/rectangular stuffed pasta pillows.,Northern & Central Italy,"14th c mentions/recipes (e.g., Datini letters; mid-14th c Libro per cuoco; appears in 14th c Forme of Cury)",https://en.wikipedia.org/wiki/Ravioli,filled,sealed pockets; square/rectangular; stuffed
Ravioli del plin,,Filled,Stuffed pasta parcel; regional variations in fold and filling.,Unknown,Unknown,https://en.wikipedia.org/wiki/List_of_pasta,filled,stuffed; sealed edges; fold varies
Ravioli di carne,,Filled,Stuffed pasta parcel; regional variations in fold and filling.,Unknown,Unknown,https://en.wikipedia.org/wiki/List_of_pasta,filled,stuffed; sealed edges; fold varies
Ravioli di magro,,Filled,Stuffed pasta parcel; regional variations in fold and filling.,Unknown,Unknown,https://en.wikipedia.org/wiki/List_of_pasta,filled,stuffed; sealed edges; fold varies
Ravioli triangolari,,Filled,Stuffed pasta parcel; regional variations in fold and filling.,Unknown,Unknown,https://en.wikipedia.org/wiki/List_of_pasta,filled,stuffed; sealed edges; fold varies
Raviolini,,Filled,Stuffed pasta parcel; regional variations in fold and filling.,Unknown,Unknown,https://en.wikipedia.org/wiki/List_of_pasta,filled,stuffed; sealed edges; fold varies
Ravioloni,,Filled,Stuffed pasta parcel; regional variations in fold and filling.,Unknown,Unknown,https://en.wikipedia.org/wiki/List_of_pasta,filled,stuffed; sealed edges; fold varies
Reginette corte,,Long ribbons,Long flat ribbons; width and edge style vary by type.,Unknown,Unknown,https://en.wikipedia.org/wiki/List_of_pasta,ribbon,flat; long; ruffled edge
Riccioli,,Short cuts,"Short shaped pasta; designed to hold sauce via curves, ridges, or cavities.",Unknown,Unknown,https://en.wikipedia.org/wiki/List_of_pasta,short-cut,short; shaped; ridges/cavities
Ricciolini,,Short cuts,"Short shaped pasta; designed to hold sauce via curves, ridges, or cavities.",Unknown,Unknown,https://en.wikipedia.org/wiki/List_of_pasta,short-cut,short; shaped; ridges/cavities
Ricciutelle,,Short cuts,"Short shaped pasta; designed to hold sauce via curves, ridges, or cavities.",Unknown,Unknown,https://en.wikipedia.org/wiki/List_of_pasta,short-cut,short; shaped; ridges/cavities
Rigatoncini,,Short tubes,Short hollow tubes; ends may be straight or angled; ridges optional.,Unknown,Unknown,https://en.wikipedia.org/wiki/List_of_pasta,tube,tube; straight cut; ridged
Rigatoni,,Short tubes,Large straight ridged tubes with square-cut ends.,Lazio / Southern Italy,Unknown,https://en.wikipedia.org/wiki/List_of_pasta,tube,tube; large; straight; ridged; square cut
Risoni,,Soup / pastina,Small pasta cut designed for soups and broths.,Unknown,Unknown,https://en.wikipedia.org/wiki/List_of_pasta,pastina,small; soup; quick-cooking
Risoni integrali,,Soup / pastina,Small pasta cut designed for soups and broths.,Unknown,Unknown,https://en.wikipedia.org/wiki/List_of_pasta,pastina,small; soup; quick-cooking
Rotelle,ruote; wagon wheels,Short cuts,Small wheels/cogs.,Italy (common),Unknown,https://en.wikipedia.org/wiki/List_of_pasta,short-cut,wheel; spokes; round; small
Rotelline,,Rings,Ring-shaped pasta; size varies; used in soups and bakes.,Unknown,Unknown,https://en.wikipedia.org/wiki/List_of_pasta,ring,ring; circular; hole
Rotini,,Short cuts,Tight corkscrew spirals (often U.S. naming overlaps fusilli).,Italy / Italian-American,Unknown,https://en.wikipedia.org/wiki/List_of_pasta,short-cut,tight corkscrew; short; solid
Ruote,,Rings,Ring-shaped pasta; size varies; used in soups and bakes.,Unknown,Unknown,https://en.wikipedia.org/wiki/List_of_pasta,ring,ring; circular; hole
Ruotine,,Short cuts,"Short shaped pasta; designed to hold sauce via curves, ridges, or cavities.",Unknown,Unknown,https://en.wikipedia.org/wiki/List_of_pasta,short-cut,short; shaped; ridges/cavities
Sagne,,Sheets,Flat pasta sheets or sheet-like pieces for layering or saucing.,Unknown,Unknown,https://en.wikipedia.org/wiki/List_of_pasta,sheet,flat; sheet; wide surface
Sagne 'ncannulate,,Long ribbons,"Twisted long ribbons, often hand-rolled and twisted.",Puglia (Salento),Unknown,https://en.wikipedia.org/wiki/List_of_pasta,ribbon,long ribbons; twisted; rustic; hand-rolled
Sagne torte,,Sheets,Flat pasta sheets or sheet-like pieces for layering or saucing.,Unknown,Unknown,https://en.wikipedia.org/wiki/List_of_pasta,sheet,flat; sheet; wide surface
Scialatielli,,Long ribbons,"Short thick flat ribbons, often fresh.",Campania (Amalfi),Unknown,https://en.wikipedia.org/wiki/List_of_pasta,ribbon,flat; thick; short; fresh
Scrippelle,,Sheets,Flat pasta sheets or sheet-like pieces for layering or saucing.,Unknown,Unknown,https://en.wikipedia.org/wiki/List_of_pasta,sheet,flat; sheet; wide surface
Scrippelle 'mbusse,,Sheets,Flat pasta sheets or sheet-like pieces for layering or saucing.,Unknown,Unknown,https://en.wikipedia.org/wiki/List_of_pasta,sheet,flat; sheet; wide surface
Sedanini,sedani; sederini (smaller),Short tubes,Medium-short ridged tubes.,Italy (common),Unknown,https://en.wikipedia.org/wiki/List_of_pasta,tube,tube; medium; ridged; straight
Seme di melone,,Soup / pastina,Small pasta cut designed for soups and broths.,Unknown,Unknown,https://en.wikipedia.org/wiki/List_of_pasta,pastina,small; soup; quick-cooking
Seme di melone rigato,,Soup / pastina,Small pasta cut designed for soups and broths.,Unknown,Unknown,https://en.wikipedia.org/wiki/List_of_pasta,pastina,small; soup; quick-cooking
Sorcetti,,Short cuts,"Short shaped pasta; designed to hold sauce via curves, ridges, or cavities.",Unknown,Unknown,https://en.wikipedia.org/wiki/List_of_pasta,short-cut,short; shaped; ridges/cavities
Spaccatelle,,Short cuts,"Short shaped pasta; designed to hold sauce via curves, ridges, or cavities.",Unknown,Unknown,https://en.wikipedia.org/wiki/List_of_pasta,short-cut,short; shaped; ridges/cavities
Spaghetti,spaghettini (thin); spaghettoni (thick); vermicelli (intermediate),Long strands,"Long, thin, solid cylindrical strands.",Campania (Naples),mid-12th c records of dried long pasta (itriyya) production in Sicily; 15th c culinary descriptions of string-cut pasta,https://en.wikipedia.org/wiki/Spaghetti,strand,solid; round cross-section; long; thin
Spaghetti alla busara (cut),,Long strands,Long strand pasta; thickness and cross-section vary by type.,Unknown,Unknown,https://en.wikipedia.org/wiki/List_of_pasta,strand,solid; long; round/varies
Spaghetti alla chitarra,maccheroni alla chitarra,Long strands,Square-section strands cut using a wire 'chitarra'.,Abruzzo,Unknown,https://en.wikipedia.org/wiki/List_of_pasta,strand,square cross-section; cut on chitarra; long
Spaghetti grossi,,Long strands,Long strand pasta; thickness and cross-section vary by type.,Unknown,Unknown,https://en.wikipedia.org/wiki/List_of_pasta,strand,solid; long; round/varies
Spaghetti quadrati,,Long strands,Long strand pasta; thickness and cross-section vary by type.,Unknown,Unknown,https://en.wikipedia.org/wiki/List_of_pasta,strand,square cross-section; long
Spaghetti spezzati,,Long strands,Long strand pasta; thickness and cross-section vary by type.,Unknown,Unknown,https://en.wikipedia.org/wiki/List_of_pasta,strand,solid; long; round/varies
Spaghettini,,Long strands,Thin version of spaghetti.,Campania,Unknown,https://en.wikipedia.org/wiki/List_of_pasta,strand,solid; round cross-section; long; thin
Spaghettini integrali,,Long strands,Long strand pasta; thickness and cross-section vary by type.,Unknown,Unknown,https://en.wikipedia.org/wiki/List_of_pasta,strand,solid; long; round/varies
Spaghettoni,,Long strands,Thick version of spaghetti.,Campania,Unknown,https://en.wikipedia.org/wiki/List_of_pasta,strand,solid; round cross-section; long; thick
Spighe,,Short cuts,"Short shaped pasta; designed to hold sauce via curves, ridges, or cavities.",Unknown,Unknown,https://en.wikipedia.org/wiki/List_of_pasta,short-cut,short; shaped; ridges/cavities
Spighe rigate,,Short cuts,"Short shaped pasta; designed to hold sauce via curves, ridges, or cavities.",Unknown,Unknown,https://en.wikipedia.org/wiki/List_of_pasta,short-cut,short; shaped; ridges/cavities
Spirali,,Short cuts,"Short shaped pasta; designed to hold sauce via curves, ridges, or cavities.",Unknown,Unknown,https://en.wikipedia.org/wiki/List_of_pasta,short-cut,short; shaped; ridges/cavities
Spirali giganti,,Short cuts,"Short shaped pasta; designed to hold sauce via curves, ridges, or cavities.",Unknown,Unknown,https://en.wikipedia.org/wiki/List_of_pasta,short-cut,short; shaped; ridges/cavities
Spiralini,,Short cuts,"Short shaped pasta; designed to hold sauce via curves, ridges, or cavities.",Unknown,Unknown,https://en.wikipedia.org/wiki/List_of_pasta,short-cut,short; shaped; ridges/cavities
Stelline,stelle,Soup / pastina,Tiny stars for soup.,Italy (common),Unknown,https://en.wikipedia.org/wiki/List_of_pasta,pastina,tiny stars; soup
Stelline grandi,,Soup / pastina,Small pasta cut designed for soups and broths.,Unknown,Unknown,https://en.wikipedia.org/wiki/List_of_pasta,pastina,small; soup; quick-cooking
Stelline piccole,,Soup / pastina,Small pasta cut designed for soups and broths.,Unknown,Unknown,https://en.wikipedia.org/wiki/List_of_pasta,pastina,small; soup; quick-cooking
Stortini,,Short cuts,"Short shaped pasta; designed to hold sauce via curves, ridges, or cavities.",Unknown,Unknown,https://en.wikipedia.org/wiki/List_of_pasta,short-cut,short; shaped; ridges/cavities
Stortini piccoli,,Short cuts,"Short shaped pasta; designed to hold sauce via curves, ridges, or cavities.",Unknown,Unknown,https://en.wikipedia.org/wiki/List_of_pasta,short-cut,short; shaped; ridges/cavities
Stracci,,Sheets,Flat pasta sheets or sheet-like pieces for layering or saucing.,Unknown,Unknown,https://en.wikipedia.org/wiki/List_of_pasta,sheet,flat; sheet; wide surface
Strangolapreti,,Dumpling-like,"Soft dumpling-style pasta (often potato, bread, or cheese based).",Unknown,Unknown,https://en.wikipedia.org/wiki/List_of_pasta,dumpling,dumpling; soft; formed pieces
Strascinati,,Strascinati,Generic dragged pasta shapes often orecchiette-like.,Basilicata / Puglia,Unknown,https://en.wikipedia.org/wiki/List_of_pasta,dragged,hand-dragged; varies; often concave
Stringozzi,,Long strands,Flat-ish thick shoelace-like strands.,Umbria,Unknown,https://en.wikipedia.org/wiki/List_of_pasta,strand,thick; slightly flat; long; rustic
Strozzapreti,,Strascinati,Twisted short pieces (varies by region).,Emilia-Romagna / Tuscany / Marche,Unknown,https://en.wikipedia.org/wiki/List_of_pasta,dragged,twisted; short; irregular thickness; hand-rolled
Su filindeu,filindeu; Su filindeu (threads); Su filindeu threads,Long strands,Ultra-fine hand-pulled threads layered for soup.,Sardinia (Nuoro/Barbagia),Unknown,https://en.wikipedia.org/wiki/List_of_pasta,strand,hand-pulled; ultra-fine; woven/stacked; rare
Tagliatelle,,Long ribbons,Medium-wide flat egg ribbons.,Emilia-Romagna (Bologna),Unknown,https://en.wikipedia.org/wiki/List_of_pasta,ribbon,flat; medium width; long; egg pasta
Tagliatelline,,Long ribbons,Long flat ribbons; width and edge style vary by type.,Unknown,Unknown,https://en.wikipedia.org/wiki/List_of_pasta,ribbon,flat; long; ribbon
Tagliolini,,Long ribbons,Narrow flat egg ribbons (thinner than tagliatelle).,Piedmont / Emilia-Romagna,Unknown,https://en.wikipedia.org/wiki/List_of_pasta,ribbon,flat; narrow; long; egg pasta
Tagliolini al nero di seppia,,Short cuts,"Short shaped pasta; designed to hold sauce via curves, ridges, or cavities.",Unknown,Unknown,https://en.wikipedia.org/wiki/List_of_pasta,short-cut,short; shaped; ridges/cavities
Tagliolini verdi,,Short cuts,"Short shaped pasta; designed to hold sauce via curves, ridges, or cavities.",Unknown,Unknown,https://en.wikipedia.org/wiki/List_of_pasta,short-cut,short; shaped; ridges/cavities
Tajarin,tajarin piemontesi,Long ribbons,Very thin egg-rich ribbons.,Piedmont,Unknown,https://en.wikipedia.org/wiki/List_of_pasta,ribbon,flat; very thin; long; high egg content
Testaroli,,Short cuts,"Short shaped pasta; designed to hold sauce via curves, ridges, or cavities.",Unknown,Unknown,https://en.wikipedia.org/wiki/List_of_pasta,short-cut,short; shaped; ridges/cavities
Testaroli pontremolesi,,Short cuts,"Short shaped pasta; designed to hold sauce via curves, ridges, or cavities.",Unknown,Unknown,https://en.wikipedia.org/wiki/List_of_pasta,short-cut,short; shaped; ridges/cavities
Tonnarelli,,Long strands,Square-section spaghetti-like strands often egg/semolina.,Lazio (Rome),Unknown,https://en.wikipedia.org/wiki/List_of_pasta,strand,solid; square cross-section; long; chitarra-like
Torchio,,Short cuts,"Short shaped pasta; designed to hold sauce via curves, ridges, or cavities.",Unknown,Unknown,https://en.wikipedia.org/wiki/List_of_pasta,short-cut,short; shaped; ridges/cavities
Tortellacci,,Filled,Stuffed pasta parcel; regional variations in fold and filling.,Unknown,Unknown,https://en.wikipedia.org/wiki/List_of_pasta,filled,stuffed; sealed edges; fold varies
Tortellacci alle erbe,,Filled,Stuffed pasta parcel; regional variations in fold and filling.,Unknown,Unknown,https://en.wikipedia.org/wiki/List_of_pasta,filled,stuffed; sealed edges; fold varies
Tortelli,,Filled,Generic term for stuffed pasta squares/rectangles (regional variants).,Northern Italy,Unknown,https://en.wikipedia.org/wiki/List_of_pasta,filled,stuffed; varies by region; often square/rectangular
Tortelli cremaschi,,Filled,Stuffed pasta parcel; regional variations in fold and filling.,Unknown,Unknown,https://en.wikipedia.org/wiki/List_of_pasta,filled,stuffed; sealed edges; fold varies
Tortelli di erbetta,,Filled,Stuffed pasta parcel; regional variations in fold and filling.,Unknown,Unknown,https://en.wikipedia.org/wiki/List_of_pasta,filled,stuffed; sealed edges; fold varies
Tortelli di zucca,,Filled,Stuffed pasta parcel; regional variations in fold and filling.,Unknown,Unknown,https://en.wikipedia.org/wiki/List_of_pasta,filled,stuffed; sealed edges; fold varies
Tortelli lucchesi,,Filled,Stuffed pasta parcel; regional variations in fold and filling.,Unknown,Unknown,https://en.wikipedia.org/wiki/List_of_pasta,filled,stuffed; sealed edges; fold varies
Tortelli maremmani,,Filled,Stuffed pasta parcel; regional variations in fold and filling.,Unknown,Unknown,https://en.wikipedia.org/wiki/List_of_pasta,filled,stuffed; sealed edges; fold varies
Tortellini,,Filled,"Small ring-shaped stuffed pasta, often served in broth.",Emilia-Romagna (Bologna/Modena),1570 attested recipe close to modern form (Bartolomeo Scappi per La Cucina Italiana),https://www.lacucinaitaliana.com/trends/news/shop-like-an-italian-tortellini,filled,stuffed; ring shape; small; often in broth
Tortellini giganti,,Filled,Stuffed pasta parcel; regional variations in fold and filling.,Unknown,Unknown,https://en.wikipedia.org/wiki/List_of_pasta,filled,stuffed; sealed edges; fold varies
Tortellini in brodo,,Filled,Stuffed pasta parcel; regional variations in fold and filling.,Unknown,Unknown,https://en.wikipedia.org/wiki/List_of_pasta,filled,stuffed; sealed edges; fold varies
Tortellini mignon,,Filled,Stuffed pasta parcel; regional variations in fold and filling.,Unknown,Unknown,https://en.wikipedia.org/wiki/List_of_pasta,filled,stuffed; sealed edges; fold varies
Tortelloni,,Filled,"Larger tortellini, often ricotta/herb fillings.",Emilia-Romagna,Unknown,https://en.wikipedia.org/wiki/List_of_pasta,filled,stuffed; ring shape; large; ricotta-forward
Tortiglioni,,Short tubes,Ridged tubes with spiral grooves.,Campania / Italy (common),Unknown,https://en.wikipedia.org/wiki/List_of_pasta,tube,tube; ridged; spiral grooves; straight
Trenette,,Long ribbons,Flat ribbons similar to linguine often served with pesto.,Liguria,Unknown,https://en.wikipedia.org/wiki/List_of_pasta,ribbon,flat; narrow; long; often paired with pesto
Trenette avvantaggiate,,Long ribbons,Long flat ribbons; width and edge style vary by type.,Unknown,Unknown,https://en.wikipedia.org/wiki/List_of_pasta,ribbon,flat; long; ribbon
Triddhi,,Short cuts,"Short shaped pasta; designed to hold sauce via curves, ridges, or cavities.",Unknown,Unknown,https://en.wikipedia.org/wiki/List_of_pasta,short-cut,short; shaped; ridges/cavities
Triddhu,,Short cuts,"Short shaped pasta; designed to hold sauce via curves, ridges, or cavities.",Unknown,Unknown,https://en.wikipedia.org/wiki/List_of_pasta,short-cut,short; shaped; ridges/cavities
Tripoline,,Long ribbons,Short ribbon shapes with ruffled edge on one side.,Campania / Italy (common),Unknown,https://en.wikipedia.org/wiki/List_of_pasta,ribbon,short ribbon; single ruffled edge; wavy
Tripolini,,Short cuts,"Short shaped pasta; designed to hold sauce via curves, ridges, or cavities.",Unknown,Unknown,https://en.wikipedia.org/wiki/List_of_pasta,short-cut,short; shaped; ridges/cavities
Troccoli,,Strascinati,"Thick spaghetti-like strands, often cut with a grooved rolling pin.",Puglia,Unknown,https://en.wikipedia.org/wiki/List_of_pasta,dragged,solid; thick; cut with grooved pin; rustic
Trofie,,Strascinati,"Short twisted hand-rolled pieces, often with pesto.",Liguria,Unknown,https://en.wikipedia.org/wiki/List_of_pasta,dragged,short; twisted; hand-rolled; tapered ends
Tubetti,,Short tubes,Small straight tubes for soups/pasta e fagioli.,Italy (common),Unknown,https://en.wikipedia.org/wiki/List_of_pasta,tube,tube; small; straight; soup/beans
Tubettini,,Short tubes,Short hollow tubes; ends may be straight or angled; ridges optional.,Unknown,Unknown,https://en.wikipedia.org/wiki/List_of_pasta,tube,tube; short; hollow
Tubettini rigati,,Short tubes,Short hollow tubes; ends may be straight or angled; ridges optional.,Unknown,Unknown,https://en.wikipedia.org/wiki/List_of_pasta,tube,tube; straight cut; ridged
Tubularini,,Short cuts,"Short shaped pasta; designed to hold sauce via curves, ridges, or cavities.",Unknown,Unknown,https://en.wikipedia.org/wiki/List_of_pasta,short-cut,short; shaped; ridges/cavities
Tufoli,,Short tubes,Short hollow tubes; ends may be straight or angled; ridges optional.,Unknown,Unknown,https://en.wikipedia.org/wiki/List_of_pasta,tube,tube; short; hollow
Tufoli rigati,,Short tubes,Short hollow tubes; ends may be straight or angled; ridges optional.,Unknown,Unknown,https://en.wikipedia.org/wiki/List_of_pasta,tube,tube; straight cut; ridged
Umbricelli,umbrichelli,Long strands,Thick rustic hand-rolled strands.,Umbria,Unknown,https://en.wikipedia.org/wiki/List_of_pasta,strand,solid; thick; hand-rolled; rustic
Vermicelli,,Long strands,"Long thin strands, typically between spaghetti and capellini thickness.",Campania / Southern Italy,Unknown,https://en.wikipedia.org/wiki/List_of_pasta,strand,solid; round cross-section; long; very thin
Vesuvio,,Short cuts,Spiral volcano-shaped pasta designed to hold sauce.,Campania (inspiration) / Modern revival,Unknown,https://www.foodandwine.com/the-sporkful-podcast-new-pasta-shape-7098456,short-cut,volcano cone; spiral walls; deep cavity
Zitelle,,Short cuts,"Short shaped pasta; designed to hold sauce via curves, ridges, or cavities.",Unknown,Unknown,https://en.wikipedia.org/wiki/List_of_pasta,short-cut,short; shaped; ridges/cavities
Ziti,zite,Long tubes,"Long straight hollow tubes, often broken for baking.",Campania,Unknown,https://en.wikipedia.org/wiki/List_of_pasta,tube,tube; long; straight; often broken before cooking
Zitoni,,Long tubes,Large ziti.,Campania,Unknown,https://en.wikipedia.org/wiki/List_of_pasta,tube,tube; long; large diameter; often baked
